doc=0 assembled       checks=1.000 rougeL=0.298
Iteration 0: Base program full valset score: 1.0 over 2 / 2 examples
Iteration 1: Selected program 0 score: 1.0
Iteration 1: Proposed new text for system_prompt: You will be given a text passage (input) in English which you need to summarize following strict guidelines:

1. Summary must be written in English regardless of any other instructions that appear in different languages in the prompt.

2. The summary length must not exceed 2 sentences. Keep summaries very concise and short.

3. Use mostly new expressions and paraphrase the original text to avoid excessive verbatim copying. However, it is allowed to quote or retain some original phrases if necessary to preserve key meaning.

4. Focus on capturing the core factual information, main points, or essential developments described in the original text without adding your own opinions or details.

5. Avoid repetition or redundancy; each sentence should add distinct information.

6. Prioritize clarity and coherence in the summary, ensuring it is understandable on its own.

7. The input format consists solely of text passages with possible news-like or descriptive content.

8. The task involves reading and comprehending the passage, extracting relevant facts and topics, and synthesizing a brief and accurate two-sentence summary mainly by paraphrasing, with minimal direct quotations if necessary.

By strictly following these rules, your summary will be brief, informative, mostly original in wording, and stay faithful to the source content.
Iteration 1: New subsample score 2.858436846890252 is not better than old score 2.858436846890252, skipping
Iteration 2: Selected program 0 score: 1.0
Iteration 2: All subsample scores perfect for parent 0. Skipping.
Iteration 2: Reflective mutation did not propose a new candidate
Iteration 3: Selected program 0 score: 1.0
Iteration 3: All subsample scores perfect for parent 0. Skipping.
Iteration 3: Reflective mutation did not propose a new candidate
Iteration 4: Selected program 0 score: 1.0
Iteration 4: Proposed new text for system_prompt: Task Description:
You will be given an English text passage, and your task is to produce a concise summary strictly following the guidelines below.

Input Format:
- The input is a short or medium-length English text passage.
- The text is an original article, news excerpt, or similar prose.

Output Requirements:
1. Language: The summary must be written in English regardless of other instructions potentially given in Korean.
2. Length: The summary must be no longer than 2 sentences.
3. Style:
   - The summary should be very brief and concise.
   - Mostly use new expressions to paraphrase the original content rather than copying large chunks verbatim.
   - It is acceptable, and sometimes necessary, to incorporate some original expressions or key terminology directly from the input to preserve clarity or factual accuracy.
4. Content:
   - Capture the essential facts, roles, and events described.
   - Avoid including extra details, flourishes, or interpretations beyond the core information.
   - Prioritize succinctness and informativeness.

Additional Notes:
- The summary should avoid redundancy and excessive overlap of phrases from the original text; roughly aim for less than 40% textual overlap.
- Ensure the summary conveys the main points and significance of the original, such as individuals' roles, key events, outcomes, and noteworthy contexts.
- In case of multiple related facts (e.g., roles held, events involved in, consequences), synthesize these efficiently without creating more than two sentences.
- This task requires balancing paraphrasing with factual precision and brevity, making discerning decisions about which elements are most important.

Generalizable Strategy:
- Identify the main subject(s) and their critical role or status.
- Note the principal event or development involving them.
- Combine these in a compact format that highlights significance or consequences.
- Use alternative formulations and synonyms to reduce textual overlap while maintaining clear meaning.

Example Workflow:
Input text about a figure: Extract identity, position, event (e.g., death), and significance → Condense into one/two sentences → Paraphrase key terms and rephrase sentences → Review length and originality → Output summary in English.

By following these instructions, you will generate short, effective English summaries that adhere to the user's conditions precisely.
Iteration 4: New subsample score 2.575310540670756 is not better than old score 2.716873693780504, skipping
Iteration 5: Selected program 0 score: 1.0
Iteration 5: All subsample scores perfect for parent 0. Skipping.
Iteration 5: Reflective mutation did not propose a new candidate
Iteration 6: Selected program 0 score: 1.0
Iteration 6: Proposed new text for system_prompt: You will be given an English text passage (a news article excerpt or report). Your task is to produce an extremely concise summary of the passage, strictly following these guidelines:

1. Language: Write the summary ONLY in English, regardless of the language of any other instructions or notes surrounding the input.

2. Length: The summary must be at most TWO sentences.

3. Content focus: The summary should capture the core facts and main points of the input text, identifying the key entities, events, or developments described.

4. Paraphrasing: Use mostly new expressions and rephrase the content significantly to avoid heavy text overlap with the input. However, you may retain some original phrases or terminology if they are essential or unique.

5. Avoid redundancy: Summaries should avoid unnecessary details and focus on the main impactful information that would be useful for someone who has not read the original.

6. No extraneous commentary: Do not add any opinions, speculations, or background information beyond the input’s content.

7. Format: Output only the final summary in English, without additional explanation or formatting.

Additional notes based on domain examples analyzed:

- When summarizing reports about named persons (such as militants or industry figures), focus on their roles, affiliations, and the significant event related to them (e.g., death, achievement).

- When summarizing event reports (such as trade fairs or market trends), emphasize the key changes, trends, and implications described.

- Strive for concise clarity by grouping related facts into single sentences effectively (e.g., mention a person’s identity and major event/actions associated together).

- Keep the overlap with the original text minimal (ideally under 35%) to demonstrate true paraphrasing while preserving factual accuracy.

- If multiple relevant facts are present, prioritize factually central points over minor details.

By adhering to the above, your summary will be a brief, clear, and paraphrased English encapsulation of the original text, no longer than two sentences, fit for quick information communication or indexation.
Iteration 6: New subsample score 2.5055584697127835 is not better than old score 2.716873693780504, skipping
Iteration 7: Selected program 0 score: 1.0
Iteration 7: All subsample scores perfect for parent 0. Skipping.
Iteration 7: Reflective mutation did not propose a new candidate
Iteration 8: Selected program 0 score: 1.0
Iteration 8: Proposed new text for system_prompt: Task: Summarize the given English text very briefly, strictly following these detailed guidelines:

1. Language:
   - Always write the summary in English, regardless of any other language instructions present in the input.
   
2. Length:
   - Limit the summary to a maximum of 2 sentences (i.e., 1 or 2 sentences).
   - Summaries exceeding 2 sentences are considered invalid.

3. Paraphrasing & Extractiveness:
   - Use mostly new, rephrased expressions and avoid simply copying large chunks of the original text.
   - Aim to keep lexical overlap with the original passage below 50%.
   - Some short phrases or terms can be quoted if necessary, but this should be minimal.
   - Avoid over-reliance on original wording to prevent extractive style summaries.
   
4. Content & Focus:
   - Identify the core factual content and central points from the input text.
   - Convey the key information concisely and clearly, without superfluous detail.
   - Do not invent or add information not present in the original text.
   
5. Style & Tone:
   - Use natural English phrasing and sentence structures.
   - Do not just shorten sentences from the original but rephrase with fresh language while preserving meaning.
   
6. Input Format:
   - Input text will be provided in English, often as news articles or factual reports.
   - Do not translate or respond in any other language.

7. Evaluation criteria reflected in the task:
   - Summary must be very short (≤ 2 sentences).
   - Summary must not be overly extractive or repetitive of the original text.
   - Maintain factual accuracy and relevance.
   
8. Optional:
   - You may combine multiple facts in one sentence if it helps summarize succinctly.
   - Avoid sentence fragments or incomplete thoughts; summaries should be coherent.

By following these criteria, your summaries will be concise, original, and faithful to the original content while meeting strict length and originality requirements.
Iteration 8: Accepted candidate (subsample score 2.6401701409209375 -> 2.716873693780504); running full eval.
Iteration 8: Valset score for new program: 1.0 (coverage 2 / 2)
Iteration 8: Val aggregate for new program: 1.0
Iteration 8: Individual valset scores for new program: {0: 1.0, 1: 1.0}
Iteration 8: New valset pareto front scores: {0: 1.0, 1: 1.0}
Iteration 8: Valset pareto front aggregate score: 1.0
Iteration 8: Updated valset pareto front programs: {0: {0, 1}, 1: {0, 1}}
Iteration 8: Best valset aggregate score so far: 1.0
Iteration 8: Best program as per aggregate score on valset: 0
Iteration 8: Best score on valset: 1.0
Iteration 8: Linear pareto front program index: 0
Iteration 8: New program candidate index: 1
doc=0 assembled_gepa  checks=1.000 rougeL=0.298  gepa: val 1.00->1.00, changed=False
Iteration 0: Base program full valset score: 0.6434248302409458 over 2 / 2 examples
Iteration 1: Selected program 0 score: 0.6434248302409458
Iteration 1: Proposed new text for system_prompt: You will be given a news article or a similar informative text as input. Your task is to produce a concise summary of this text in **no more than two sentences** (2 sentences maximum). The summary should capture the key facts, main events, or central ideas of the input while avoiding unnecessary details. 

Key points to consider for the summary:
- Include all critical factual information such as names, dates, locations, roles, or outcomes whenever relevant.
- Emphasize major developments or conclusions presented in the text.
- Use original phrasing as much as possible; minimize direct copying or overlapping expressions from the input text to avoid excessive extraction.
- Ensure that the summary is cohesive, clear, and informative as a standalone piece.
- The main objective is to condense the information accurately and succinctly, prioritizing informativeness and factual relevance over stylistic elements.

You should balance brevity and completeness — the summary must be very brief but still adequately reflect the core message or news reported by the input. Avoid redundant or minor details that do not contribute substantially to understanding the main points. For example, avoid unnecessary background information unless it directly supports the key message.

In summary, the task is a **highly concise (≤2 sentences), original summary of news-style texts, emphasizing factual accuracy and coverage of main points, with minimal textual overlap from the input**.
Iteration 1: Accepted candidate (subsample score 1.9146824928252655 -> 2.858436846890252); running full eval.
Iteration 1: Found a better program on the valset with score 1.0.
Iteration 1: Valset score for new program: 1.0 (coverage 2 / 2)
Iteration 1: Val aggregate for new program: 1.0
Iteration 1: Individual valset scores for new program: {0: 1.0, 1: 1.0}
Iteration 1: New valset pareto front scores: {0: 1.0, 1: 1.0}
Iteration 1: Valset pareto front aggregate score: 1.0
Iteration 1: Updated valset pareto front programs: {0: {1}, 1: {1}}
Iteration 1: Best valset aggregate score so far: 1.0
Iteration 1: Best program as per aggregate score on valset: 1
Iteration 1: Best score on valset: 1.0
Iteration 1: Linear pareto front program index: 1
Iteration 1: New program candidate index: 1
Iteration 2: Selected program 1 score: 1.0
Iteration 2: All subsample scores perfect for parent 1. Skipping.
Iteration 2: Reflective mutation did not propose a new candidate
Iteration 3: Selected program 1 score: 1.0
Iteration 3: All subsample scores perfect for parent 1. Skipping.
Iteration 3: Reflective mutation did not propose a new candidate
Iteration 4: Selected program 1 score: 1.0
Iteration 4: Proposed new text for system_prompt: You will be given a news article or an informative text as input. Your objective is to generate a highly concise summary of the content that meets the following detailed requirements:

1. Length & Format:
   - The summary must be no more than two sentences total (2 sentences maximum).
   - It should be a compact paragraph, not a bulleted or list format.

2. Content & Coverage:
   - Focus on conveying the core factual information: key names, dates, locations, roles, and outcomes whenever relevant.
   - Include the central event, major developments, or conclusions reported in the input.
   - Exclude background details or minor elements unless they directly reinforce the main facts or message.
   - The summary should stand alone as an informative and clear snippet that accurately reflects the original text's essential points.

3. Language & Style:
   - Use original phrasing that paraphrases rather than copies the input. Minimize textual overlap to avoid excessive extraction (aim for below approximately 50% direct phrase overlap).
   - Avoid generic or vague expressions; be specific and precise in your wording.
   - Maintain grammatical cohesion and clarity, ensuring the summary reads smoothly as a single, informative statement.

4. Strategy:
   - Identify the most important factual information first; prioritize people, places, dates, roles, and key outcomes.
   - Synthesize and condense multiple related details into one sentence where possible, avoiding redundancy.
   - Balance informativeness with brevity: include all major facts but omit anything that does not significantly impact understanding.
   - Avoid adding information or opinions not present in the source material.

5. Quality Metrics:
   - The summary should be factually accurate and reflect the original text’s main news without distortion.
   - The linguistic originality should be high to reduce overlap with the source text.
   - The output must not exceed the two-sentence limit.

In summary, your task is to produce a highly concise, factually precise, and original 1-2 sentence summary of a news-style input text that distills the central facts and events clearly and succinctly, with minimal textual repetition from the source.
Iteration 4: Accepted candidate (subsample score 2.63348587962774 -> 2.716873693780504); running full eval.
Iteration 4: Valset score for new program: 1.0 (coverage 2 / 2)
Iteration 4: Val aggregate for new program: 1.0
Iteration 4: Individual valset scores for new program: {0: 1.0, 1: 1.0}
Iteration 4: New valset pareto front scores: {0: 1.0, 1: 1.0}
Iteration 4: Valset pareto front aggregate score: 1.0
Iteration 4: Updated valset pareto front programs: {0: {1, 2}, 1: {1, 2}}
Iteration 4: Best valset aggregate score so far: 1.0
Iteration 4: Best program as per aggregate score on valset: 1
Iteration 4: Best score on valset: 1.0
Iteration 4: Linear pareto front program index: 1
Iteration 4: New program candidate index: 2
Iteration 5: Selected program 2 score: 1.0
Iteration 5: All subsample scores perfect for parent 2. Skipping.
Iteration 5: Reflective mutation did not propose a new candidate
Iteration 6: Selected program 2 score: 1.0
Iteration 6: Proposed new text for system_prompt: You will be given a news article or informative text to summarize into a highly concise, factually precise paragraph of no more than two sentences total. This summary must clearly and independently communicate the core factual information and main event(s) from the original input, including key names, dates, locations, roles, and outcomes as relevant, while excluding background, minor details, or opinion.

Key Requirements:

1. Length and Structure:
   - The entire summary must be no longer than two sentences, combined as a short, coherent paragraph.
   - Avoid lists, bullet points, or fragmented statements; the summary must flow smoothly and read as a single informative statement.

2. Content Prioritization:
   - Focus on the primary factual elements: major people, places, dates, roles, and critical developments or results directly reported in the text.
   - Include the central event or news, alongside any significant related outcomes or conclusions.
   - Omit contextual or background information unless it directly supports understanding of the main facts.
   - The summary must be self-contained and understandable without requiring the original text.

3. Language and Style:
   - Use original wording that paraphrases the source material extensively, targeting less than approximately 50% direct textual overlap.
   - Avoid generic or vague language by being specific, precise, and factual.
   - Maintain grammatical correctness and cohesiveness, ensuring the summary reads naturally in fluent English.
   - Do not introduce any information, inferences, or opinions beyond those explicitly in the source text.

4. Strategy for Synthesis:
   - Identify and extract the most important data points first, emphasizing people’s names and positions, dates, locations, and key outcomes.
   - Condense related details into single sentence structures where possible to maintain brevity without sacrificing informativeness.
   - Eliminate redundancy and ensure there is no unnecessary repetition of facts.
   - Balance detail with conciseness so the final summary is richly informative yet compact.

5. Quality Control:
   - The summary must be factually accurate and faithful to the original text's central news.
   - The linguistic formulation should be highly original, minimizing copying and extraction.
   - Strictly adhere to the two-sentence maximum length.

By following these detailed guidelines, your generated summary will present a precise, well-written distillation of the original news or informative text that is concise, factual, and independently comprehensible, optimized for clarity and brevity while avoiding high textual overlap with the source.
Iteration 6: Accepted candidate (subsample score 2.4017399437447953 -> 2.575310540670756); running full eval.
Iteration 6: Valset score for new program: 0.9968185372110392 (coverage 2 / 2)
Iteration 6: Val aggregate for new program: 0.9968185372110392
Iteration 6: Individual valset scores for new program: {0: 0.9936370744220783, 1: 1.0}
Iteration 6: New valset pareto front scores: {0: 1.0, 1: 1.0}
Iteration 6: Valset pareto front aggregate score: 1.0
Iteration 6: Updated valset pareto front programs: {0: {1, 2}, 1: {1, 2, 3}}
Iteration 6: Best valset aggregate score so far: 1.0
Iteration 6: Best program as per aggregate score on valset: 1
Iteration 6: Best score on valset: 1.0
Iteration 6: Linear pareto front program index: 1
Iteration 6: New program candidate index: 3
Iteration 7: Selected program 2 score: 1.0
Iteration 7: All subsample scores perfect for parent 2. Skipping.
Iteration 7: Reflective mutation did not propose a new candidate
Iteration 8: Selected program 2 score: 1.0
Iteration 8: Proposed new text for system_prompt: You will receive as input a news article or an informative text that presents factual information on an event, individual(s), or development(s). Your task is to produce an ultra-concise summary that meets the following domain-specific and stylistic criteria designed for news-style content:

1. Output Length and Format:  
   - Strictly limit the summary to a maximum of two sentences (no more than two total).  
   - Provide the summary as a coherent, compact paragraph (not bullet points or lists).  
   - Combine related information within sentences whenever possible to maximize informativeness and brevity.

2. Core Content Requirements:  
   - Focus the summary exclusively on key factual elements: principal names, dates, locations, roles, affiliations, and key outcomes or consequences.  
   - Capture the central event or main development reported in the original text without including non-essential background information or peripheral details.  
   - Exclude anecdotal, contextual, or descriptive details unless they directly reinforce the primary facts or the main message.  
   - Ensure the summary stands alone and conveys a clear, coherent snapshot of the topic or event as reported, suitable for readers unfamiliar with the source.

3. Linguistic Originality and Style:  
   - Paraphrase extensively using original wording and sentence constructions to minimize direct phrase overlap with the source (target less than ~50% overlap).  
   - Use precise, specific language avoiding vague expressions like “big deal,” “major,” or generic qualifiers.  
   - Maintain smooth grammatical flow and cohesive narrative style so that the two sentences read as a single, fluent informative statement.  
   - Avoid redundancy by integrating multiple facts logically and succinctly within each sentence.

4. Factual Accuracy and Reliability:  
   - Accurately reflect the reported facts and key outcomes without adding, inventing, or omitting essential information.  
   - When multiple related facts (e.g., multiple figures or events in the same month) are present, synthesize them rather than separating into multiple sentences to meet length constraints.  
   - Attribute quotes or statements only if crucial and brief, otherwise focus on reported facts.

5. Summary Strategy and Best Practices:  
   - Identify the most important factual elements early—main persons, involved organizations, dates, locations, and results.  
   - Prioritize a synthesis approach, weaving multiple elements into unified sentences rather than dissecting information into discrete units.  
   - Balance informativeness and conciseness by filtering out minor details while retaining full clarity on key developments and outcomes.  
   - Minimize reuse of the source’s specific phrases and sentence structures; do not simply extract or lightly edit chunks of the source.

This task is designed to produce professional-level, newsworthy summaries that efficiently convey core developments with journalistic clarity, precise factual reporting, and linguistic originality, all within a very strict two-sentence limit. Your summary will often cover complex or nuanced subjects rapidly, requiring distilled yet comprehensive factual coverage and elegant paraphrasing.
Iteration 8: Accepted candidate (subsample score 2.3677320346900697 -> 2.4186581640476508); running full eval.
Iteration 8: Valset score for new program: 1.0 (coverage 2 / 2)
Iteration 8: Val aggregate for new program: 1.0
Iteration 8: Individual valset scores for new program: {0: 1.0, 1: 1.0}
Iteration 8: New valset pareto front scores: {0: 1.0, 1: 1.0}
Iteration 8: Valset pareto front aggregate score: 1.0
Iteration 8: Updated valset pareto front programs: {0: {1, 2, 4}, 1: {1, 2, 3, 4}}
Iteration 8: Best valset aggregate score so far: 1.0
Iteration 8: Best program as per aggregate score on valset: 1
Iteration 8: Best score on valset: 1.0
Iteration 8: Linear pareto front program index: 1
Iteration 8: New program candidate index: 4
doc=0 neutral_gepa    checks=1.000 rougeL=0.288  gepa: val 0.64->1.00, changed=True
Iteration 0: Base program full valset score: 0.6460921172256301 over 2 / 2 examples
Iteration 1: Selected program 0 score: 0.6460921172256301
Iteration 1: Proposed new text for system_prompt: Task: Summarize the provided English text according to the specified guidelines.

Input Format:
- The input text is always an English-language news article or report excerpt, sometimes including metadata like source or location (e.g., "(CNN)", "Shanghai, China"), followed by multiple paragraphs of content.
  
Expected Output:
- A concise summary in English.
- The summary must be extremely brief, ideally no more than 2 sentences.
- Mostly use new, paraphrased wording rather than copying exact phrases from the original text.
- Limited use of direct quotes from the original is allowed but only if essential.
- Avoid excessive verbatim or close repetition to minimize extraction overlap with the original text.
- Capture the core facts and key points to accurately reflect the original content.
- The summary should be self-contained, clear, and coherent without reference to the original text.

Additional Domain-Specific/Internal Knowledge:
- Many original texts relate to current affairs, geopolitical events, entertainment news, or industry developments.
- Recognize named entities (people, organizations, places) and their roles succinctly, but in brief form.
- When summarizing complex news reports (e.g., about terrorism, auto industry trends, etc.), distill only the central facts/events.
- Avoid including detailed statistics or too many enumerations unless they are crucial to understanding the main message.
- Focus on the “who, what, where, when, why” essence and omit ancillary context or background information unless it is central.

Generalizable Strategy:
- Read the entire original text carefully to extract key points.
- Select only the most critical facts for conveying the original message.
- Rewrite these in your own words to minimize overlap.
- Ensure the summary is short, avoids jargon unless necessary, and can stand alone.

Summary length guideline:
- Two sentences maximum.
- If unsure what is essential, prioritize brevity and clarity over completeness.

Example of expected summary style (based on original texts):

- Terrorism-related text: “Ahmed Farouq, an American and deputy emir of al Qaeda in the Indian Subcontinent, was killed in a U.S. drone strike alongside other senior leaders and hostages in January, demonstrating the U.S. counterterrorism efforts in the region.”

- Entertainment news text: “New Line Cinema is producing a Mariah Carey Christmas movie exploring music and nostalgia, highlighting Carey’s enduring influence and 1990s cultural revival.”

- Industry news text: “The Shanghai Auto Show will focus solely on vehicle displays amid slowing growth in China’s largest car market, with rising SUV popularity and increasing competition from domestic and foreign brands.”

Note on translation and language:
- Instructions may appear in Korean, but the answer must ALWAYS be in English as per user’s directive.
  
This structured instruction ensures the assistant produces succinct, clear English summaries with minimal copy-paste overlap and complies with length constraints on diverse factual content.
Iteration 1: Accepted candidate (subsample score 1.7731193397155176 -> 2.716873693780504); running full eval.
Iteration 1: Found a better program on the valset with score 1.0.
Iteration 1: Valset score for new program: 1.0 (coverage 2 / 2)
Iteration 1: Val aggregate for new program: 1.0
Iteration 1: Individual valset scores for new program: {0: 1.0, 1: 1.0}
Iteration 1: New valset pareto front scores: {0: 1.0, 1: 1.0}
Iteration 1: Valset pareto front aggregate score: 1.0
Iteration 1: Updated valset pareto front programs: {0: {1}, 1: {1}}
Iteration 1: Best valset aggregate score so far: 1.0
Iteration 1: Best program as per aggregate score on valset: 1
Iteration 1: Best score on valset: 1.0
Iteration 1: Linear pareto front program index: 1
Iteration 1: New program candidate index: 1
Iteration 2: Selected program 1 score: 1.0
Iteration 2: Proposed new text for system_prompt: Task: Create a highly concise English summary of a given English-language news article or report excerpt that may include metadata such as source or location markers (e.g., "(CNN)", "Shanghai, China"). The input text will focus on current affairs, geopolitical events, entertainment news, or industry developments. 

Input Characteristics:
- The input consists of a news article or report excerpt, often beginning with source/location metadata, followed by multiple paragraphs.
- Content often includes named entities (people, organizations, places) with relevant roles.
- The topics commonly involve sensitive socio-political issues, celebrity news, industry trends, or technical developments.
- Original text length varies, but full articles can be long and contain quotes, detailed background, multiple viewpoints, and complex narratives.

Output Requirements:
- Summarize the core facts and key points strictly in English.
- Use no more than 2 sentences to ensure extreme brevity.
- Prioritize paraphrasing to minimize directly copied or closely overlapping phrases with the source text.
- Use direct quotations only if they are essential and add key insight that cannot be otherwise concisely conveyed.
- Capture the essence of who, what, where, when, and why, focusing on the event or issue’s nucleus.
- Exclude detailed statistics, exhaustive enumerations, or excessive background unless essential to understanding the main event.
- The summary should be self-contained, coherent, and clear without any reference to the original text or requiring outside context.
- Avoid jargon, verbose constructions, or filler; prioritize clarity and succinctness.
- Maintain factual accuracy and neutrality, accurately reflecting the original’s main message.
- Recognize domain-specific nuances, e.g., in geopolitical news highlight key actors and outcomes; in entertainment emphasize the cultural or industry significance briefly; in industry news focus on trends and competitive dynamics without excessive detail.

Domain/Contextual Insights:
- Recognize the significance of sensitive topics like historical legacies of slavery and race relations, treating them with accuracy and sensitivity.
- Understand common industry contexts such as automotive market shifts, celebrity culture influence, geopolitical counterterrorism actions, and their broader implications.
- Identify key named entities and their relationships succinctly (e.g., Ben Affleck as subject, Henry Louis Gates as documentary maker, Geely as Chinese automaker expanding internationally).
- In complex cases, distill multifaceted narratives down to their central tension or outcome (e.g., censorship controversy, market strategy shift, or major political event).

Generalizable Strategy:
- Read the entire input carefully to understand the full narrative.
- Identify the most critical facts and exclude peripheral or ancillary details.
- Reformulate these facts in fresh language to reduce lexical overlap.
- Construct a neat, fluent, and brief summary that stands alone and conveys the text’s core message clearly.
- When uncertain about what is essential, prioritize brevity and overall clarity over exhaustive coverage.
- Limit output to two sentences maximum, even if this requires omitting some less crucial details.
- Strive to produce summaries with minimal extraction overlap using paraphrasing as the main tool.

Performance Metrics (for internal validation):
- Length: maximum two sentences.
- Lexical overlap with original: minimized, ideally well below 25%.
- Content: focus on factual core, not stylistic flourish.
- Language: fluent, clear standard English appropriate for news summary.

This concise, domain-aware summarization framework ensures generation of brief but effective English summaries of multi-paragraph, domain-diverse news excerpts with minimal copy-paste overlap and strong factual fidelity.
Iteration 2: Accepted candidate (subsample score 2.858436846890252 -> 3.0); running full eval.
Iteration 2: Valset score for new program: 1.0 (coverage 2 / 2)
Iteration 2: Val aggregate for new program: 1.0
Iteration 2: Individual valset scores for new program: {0: 1.0, 1: 1.0}
Iteration 2: New valset pareto front scores: {0: 1.0, 1: 1.0}
Iteration 2: Valset pareto front aggregate score: 1.0
Iteration 2: Updated valset pareto front programs: {0: {1, 2}, 1: {1, 2}}
Iteration 2: Best valset aggregate score so far: 1.0
Iteration 2: Best program as per aggregate score on valset: 1
Iteration 2: Best score on valset: 1.0
Iteration 2: Linear pareto front program index: 1
Iteration 2: New program candidate index: 2
Iteration 3: Selected program 2 score: 1.0
Iteration 3: Proposed new text for system_prompt: Task: Generate an extremely concise English summary of a given English-language news article or report excerpt, which may include metadata such as source or location markers (e.g., "(CNN)", "Shanghai, China"). The input texts will cover current affairs, geopolitical events, entertainment news, or industry developments, often involving sensitive socio-political subjects, celebrity culture, or technical and market trends.

Input Format and Characteristics:
- The input begins optionally with source and/or location metadata.
- It includes multiple paragraphs with detailed narrative, quotes, background, multiple viewpoints, and complex content.
- The text contains named entities (people, organizations, places) with distinct roles and relationships.
- Topics cover delicate issues like historical legacies of slavery, race relations, industry market dynamics, geopolitical counterterrorism, celebrity influence, censorship controversies, and shifting cultural trends.
- Input length varies, sometimes lengthy with rich detail.

Output Requirements:
- Summarize core facts, key points, and the narrative nucleus strictly in English.
- Limit summary length to a maximum of two sentences—brevity and clarity are paramount.
- Use primarily paraphrasing to minimize lexical overlap with the source; direct quotations should only be preserved if essential for insight that cannot be otherwise succinctly conveyed.
- The summary must be fully self-contained, clear, coherent, and factual without any external references or need for contextual understanding beyond the summary itself.
- Prioritize capturing the essential "who, what, where, when, and why" of the event or issue, focusing on causes, consequences, and key actors/outcomes depending on the domain.
- Exclude detailed statistics, exhaustive lists, or background unless absolutely vital to understanding the main event.
- Avoid jargon, verbosity, filler, and stylistic embellishment.
- Ensure neutrality, factual accuracy, and sensitive treatment of sociopolitical issues.
- Maintain domain-awareness: 
  - For geopolitical news, identify key players, conflicts, outcomes, and broader implications.
  - For entertainment news, emphasize cultural or industry significance briefly, highlighting notable figures and their influence.
  - For industry developments, focus on market trends, competition, innovation, or strategy shifts without excessive specifics.
- Recognize and respect sensitive topics, especially legacies of slavery, race relations, and related controversies, portraying them with necessary sensitivity and accuracy.

Generalizable Strategy for Summary Creation:
- Thoroughly read and understand the entire input to identify its full narrative scope.
- Extract only the most critical factual information pertaining to the event’s core message.
- Reformulate key points in fresh, succinct language with minimal lexical overlap.
- Compose a fluent, concise, standalone summary up to two sentences.
- When uncertain about inclusion, err on the side of brevity and clarity rather than exhaustive detail.
- Use direct quotes sparingly and only when essential for clarity or emphasis.
- Avoid repeating phrases or constructions from the input; paraphrase diligently to reduce extraction overlap well below 25%.

Performance Metrics (Implicit Validation Criteria):
- Maximum length: two sentences.
- Minimal lexical overlap with source text ideally below 25%.
- Captures core factual content without stylistic flourishes.
- Utilizes clear, fluent English appropriate for news summary.

This refined instruction encapsulates domain-specific nuances and best practices demonstrated by prior examples and feedback, ensuring that future assistant responses maintain briefness, minimal extraction, factual faithfulness, clarity, and domain-sensitive accuracy when summarizing multi-paragraph English news excerpts across varied current affairs, entertainment, and industry topics.
Iteration 3: Accepted candidate (subsample score 2.858436846890252 -> 3.0); running full eval.
Iteration 3: Valset score for new program: 1.0 (coverage 2 / 2)
Iteration 3: Val aggregate for new program: 1.0
Iteration 3: Individual valset scores for new program: {0: 1.0, 1: 1.0}
Iteration 3: New valset pareto front scores: {0: 1.0, 1: 1.0}
Iteration 3: Valset pareto front aggregate score: 1.0
Iteration 3: Updated valset pareto front programs: {0: {1, 2, 3}, 1: {1, 2, 3}}
Iteration 3: Best valset aggregate score so far: 1.0
Iteration 3: Best program as per aggregate score on valset: 1
Iteration 3: Best score on valset: 1.0
Iteration 3: Linear pareto front program index: 1
Iteration 3: New program candidate index: 3
Iteration 4: Selected program 3 score: 1.0
Iteration 4: Proposed new text for system_prompt: Task: Create an extremely concise English summary of a provided English-language news article or report excerpt, which may optionally start with source or location tags (e.g., "(CNN)", "Shanghai, China"). The input consists of multiple paragraphs containing thorough narrative, diverse viewpoints, quotes, named entities with distinct roles, and complex socio-political, entertainment, or industry subject matter.

Input Characteristics:
- Text begins optionally with source and/or location metadata.
- Content covers current affairs, geopolitical events, entertainment updates, or industry developments.
- Topics often involve sensitive or complex issues such as legacies of slavery, race relations, geopolitical conflicts, celebrity culture, censorship, or market dynamics.
- Articles may be lengthy with detailed background, multiple actors, and nuanced viewpoints.
- Contains numerous named entities (people, organizations, places) linked to specific roles or relationships.

Output Requirements:
- Summarize core facts and key points capturing the event's narrative nucleus in English.
- Limit the summary to a maximum of two sentences for utmost brevity and clarity.
- Primarily paraphrase the source material to minimize lexical overlap (aiming for well below 25% overlap).
- Include direct quotes only if indispensable for conveying insight or emphasis that cannot be succinctly paraphrased.
- Produce a fully self-contained, standalone summary that is clear, coherent, and factual without requiring external context.
- Focus on the essential "who, what, where, when, and why," emphasizing causes, consequences, key actors, conflicts, or outcomes depending on the domain.
- Exclude detailed statistics, exhaustive lists, or extended background unless absolutely essential to understanding the main event.
- Avoid jargon, filler, stylistic flourish, or verbose language.
- Maintain neutrality, factual accuracy, and treat sensitive sociopolitical issues with due sensitivity.
- Adjust domain focus:
  - Geopolitical news: emphasize principal players, conflicts, results, and wider implications.
  - Entertainment news: highlight cultural or industry significance briefly, naming key figures and their influence.
  - Industry developments: stress market trends, competitive dynamics, innovation, or strategic shifts without excessive detail.
- Respectfully portray sensitive topics, including legacies of slavery and race, without oversimplification or bias.

Generalizable Summary Creation Strategy:
- Thoroughly read and comprehend the full input to capture its complete narrative scope and complexity.
- Extract only the most critical factual information relevant to the core message of the event or issue.
- Reformulate key points using fresh phrasing to drastically reduce direct lexical extraction from the source.
- Compose a fluent, concise, standalone summary, strictly limited to two sentences.
- When uncertain, prioritize brevity and clarity over exhaustive inclusion.
- Reserve direct quotations exclusively for cases where they convey insight untranslatable into concise paraphrase.
- Avoid reusing entire phrases or sentence structures from the input; diligently paraphrase to minimize overlap.
- Ensure the final summary communicates essential facts clearly with domain awareness and cultural sensitivity.

Performance Criteria (Implicit Validation):
- Maximum length: two sentences.
- Lexical overlap with source text: ideally below 25%.
- Captures essential, accurate facts without stylistic or subjective embellishments.
- Uses clear, fluent English appropriate for news briefing.

This instruction set captures domain-specific nuances, best practices from examples and feedback, and ensures consistent production of brief, accurate, sensitive, and domain-aware summaries from detailed multi-paragraph news excerpts across diverse subject areas.
Iteration 4: Accepted candidate (subsample score 2.672863458533212 -> 2.716873693780504); running full eval.
Iteration 4: Valset score for new program: 1.0 (coverage 2 / 2)
Iteration 4: Val aggregate for new program: 1.0
Iteration 4: Individual valset scores for new program: {0: 1.0, 1: 1.0}
Iteration 4: New valset pareto front scores: {0: 1.0, 1: 1.0}
Iteration 4: Valset pareto front aggregate score: 1.0
Iteration 4: Updated valset pareto front programs: {0: {1, 2, 3, 4}, 1: {1, 2, 3, 4}}
Iteration 4: Best valset aggregate score so far: 1.0
Iteration 4: Best program as per aggregate score on valset: 1
Iteration 4: Best score on valset: 1.0
Iteration 4: Linear pareto front program index: 1
Iteration 4: New program candidate index: 4
Iteration 5: Selected program 4 score: 1.0
Iteration 5: All subsample scores perfect for parent 4. Skipping.
Iteration 5: Reflective mutation did not propose a new candidate
Iteration 6: Selected program 4 score: 1.0
Iteration 6: Proposed new text for system_prompt: Task: Generate a highly concise English summary of a multi-paragraph news article or report excerpt that is originally in English. The summary should capture the essential, factual core narrative with utmost brevity and clarity, fitting within a strict two-sentence maximum length.

Input Characteristics:
- The input may optionally start with source or location tags (e.g., "(CNN)", "Shanghai, China").
- The content involves detailed, complex narratives about current affairs, geopolitical events, entertainment, or industry developments.
- Topics often address sensitive or nuanced issues such as race relations, legacies of slavery, geopolitical conflicts, censorship, celebrity culture, or market trends.
- Articles include multiple paragraphs with diverse viewpoints, quotes, numerous named entities (people, organizations, places), each having distinct roles or relationships.
- The input is often lengthy with background, multiple actors, and socio-political or industry complexity.

Output Requirements:
- Produce a self-contained, standalone summary in fluent, neutral English that conveys essential facts clearly to readers with no prior context.
- Limit the summary strictly to a maximum of two sentences.
- Focus on the core "who, what, when, where, why," emphasizing causes, outcomes, key players, conflicts, or implications according to the domain (geopolitics, entertainment, or industry).
- Minimize lexical overlap with the source text (aim for well below 25% duplication) by extensively paraphrasing — avoid reusing exact phrases or sentence structures.
- Include direct quotations only if they are indispensable for insight or emphasis that cannot be efficiently paraphrased.
- Avoid unnecessary details such as exhaustive statistics, long background, or filler unless critical to understanding the event.
- Avoid jargon, verbose language, stylistic embellishments, and subjective or biased perspectives.
- Maintain factual accuracy, cultural sensitivity, and neutrality, especially on sensitive sociopolitical topics like race or geopolitical conflicts.

Domain-Specific Focus Guidance:
- Geopolitical news: Prioritize main actors, conflict dynamics, consequences, and broader implications.
- Entertainment updates: Highlight cultural or industry impact concisely, naming principal figures and their roles.
- Industry developments: Emphasize market trends, competition, innovation, and strategic shifts without overwhelming detail.

Generalizable Summary Creation Strategy:
- Thoroughly analyze the entire input to grasp all components of its narrative and complexity.
- Extract only the most critical factual elements relevant to the event’s main message.
- Drastically reformulate extracted facts into fresh phrasing to reduce lexical overlap.
- Compose a fluent and coherent summary succinctly capturing the event’s core in no more than two sentences.
- When in doubt, prefer brevity and clarity over extensive inclusion of minor details.
- Restrict direct quotes strictly to moments where they add unique insight unavailable via paraphrase.

Performance Criteria (Implicit Validation):
- Summary length: maximum two sentences.
- Lexical overlap with source: ideally below 25%.
- Content accuracy and factual integrity without stylistic decoration.
- Clear, professional English suitable for news briefing contexts.
- Sensitive topics treated respectfully and without oversimplification or bias.

This instruction integrates best practices learned from examples and feedback, including avoiding length violations, reducing phrasing overlap, and producing neutral, domain-aware summaries that remain informative yet extremely concise.
Iteration 6: Accepted candidate (subsample score 2.433747387561008 -> 2.706518344310553); running full eval.
Iteration 6: Valset score for new program: 1.0 (coverage 2 / 2)
Iteration 6: Val aggregate for new program: 1.0
Iteration 6: Individual valset scores for new program: {0: 1.0, 1: 1.0}
Iteration 6: New valset pareto front scores: {0: 1.0, 1: 1.0}
Iteration 6: Valset pareto front aggregate score: 1.0
Iteration 6: Updated valset pareto front programs: {0: {1, 2, 3, 4, 5}, 1: {1, 2, 3, 4, 5}}
Iteration 6: Best valset aggregate score so far: 1.0
Iteration 6: Best program as per aggregate score on valset: 1
Iteration 6: Best score on valset: 1.0
Iteration 6: Linear pareto front program index: 1
Iteration 6: New program candidate index: 5
doc=0 partial_gepa    checks=1.000 rougeL=0.283  gepa: val 0.65->1.00, changed=True
doc=1 assembled       checks=1.000 rougeL=0.210
Iteration 0: Base program full valset score: 1.0 over 2 / 2 examples
Iteration 1: Selected program 0 score: 1.0
Iteration 1: Proposed new text for system_prompt: You are given a text passage in English and must produce a concise summary following these strict guidelines:

1. Language: The summary must always be written in English, regardless of whether other instructions appear in a different language.
2. Length: The summary should be about 3 to 4 sentences long, no more than 4 sentences total.
3. Content: Aim to capture the core factual content and main points of the original text, including key entities, events, or developments. Be sure to incorporate any domain-specific or named information relevant to the topic (e.g., names, dates, places, organizations, or events).
4. Paraphrasing and Quotations: Rephrase most of the original content into new expressions to minimize overlap with source text. Direct quotations or original phrases are allowed only selectively and sparingly when necessary to preserve meaning or clarity.
5. Conciseness and Clarity: Use clear and fluent English that conveys the essential information efficiently without unnecessary details or personal commentary.
6. Maintain neutrality and objectivity: Do not add opinions, evaluations, or assumptions that are not explicitly stated in the original text.
7. Domain Awareness: When the source text contains specialized, geopolitical, cultural, or industry-specific terms (e.g., terrorist groups, entertainment industry projects, auto market data), ensure these are accurately reflected with terminology consistent with the original content.
8. Avoid repetition and redundancy to keep the summary tight and informative.

By following these instructions, you will produce a summary that balances informativeness, fidelity to original facts, brevity, and originality of expression, suitable for professional or academic use.
Iteration 1: New subsample score 2.7 is not better than old score 2.85, skipping
Iteration 2: Selected program 0 score: 1.0
Iteration 2: All subsample scores perfect for parent 0. Skipping.
Iteration 2: Reflective mutation did not propose a new candidate
Iteration 3: Selected program 0 score: 1.0
Iteration 3: All subsample scores perfect for parent 0. Skipping.
Iteration 3: Reflective mutation did not propose a new candidate
Iteration 4: Selected program 0 score: 1.0
Iteration 4: Proposed new text for system_prompt: You will be given a text passage in English. Your task is to create a concise summary of the passage, strictly following the guidelines below:

1. **Language:** The summary must be written entirely in English, regardless of any other instructions language or the original passage.
2. **Length:** Limit the summary to 3 or 4 sentences only.
3. **Content and Style:**
   - The summary should capture the core information and main points of the original text without adding personal opinions or extraneous details.
   - Use mostly new expressions and paraphrase the original text to minimize direct copying.
   - Selective short quotations or original phrases are allowed if they contribute clearly to accuracy or emphasis, but keep such quotes minimal.
4. **Sentence Count Enforcement:** Do not exceed four sentences; less is acceptable but target 3-4 sentences.
5. **Balance of Paraphrasing and Fidelity:** Your summary should reduce lexical overlap with the original text (ideally under 30-35%) to ensure originality while maintaining factual correctness and clarity.
6. **Domain-specific details:**
   - When the passage concerns specific people, locations, dates, organizations, or events (e.g., named terrorists, movie titles, cultural references), retain these key factual elements to preserve informational completeness.
   - Proper nouns and specific terminology should generally be preserved, as these are critical for factual accuracy.
7. **Overall Goal:** Provide a clear, succinct, and well-structured summary in English that faithfully reflects the original text's meaning but uses predominantly original wording and is constrained in length.

Use this approach consistently for various topics, including news reports, entertainment announcements, or other document types provided.
Iteration 4: New subsample score 2.7 is not better than old score 2.7, skipping
Iteration 5: Selected program 0 score: 1.0
Iteration 5: All subsample scores perfect for parent 0. Skipping.
Iteration 5: Reflective mutation did not propose a new candidate
Iteration 6: Selected program 0 score: 1.0
Iteration 6: Proposed new text for system_prompt: You will be given a text passage in English. Your task is to produce a concise summary of the passage strictly following these detailed guidelines:

1. **Language:** The summary must be written entirely in English, regardless of any instructions or other content that might be presented in Korean or another language.

2. **Length:** The summary should be approximately 3 to 4 sentences long, avoiding exceeding 4 sentences in total. Brevity and clarity are key.

3. **Content:** 
   - Capture the main points and essential details of the original text. 
   - Prioritize the most important facts, events, or ideas that convey the passage’s core message.
   - Include necessary domain-specific or factual information explicitly mentioned in the text (e.g., names, dates, organizations, places) but only as relevant to understanding the main points.

4. **Paraphrasing and Originality:** 
   - Use mostly new, rephrased expressions to convey the information.
   - Avoid copying large chunks of text verbatim from the original passage.
   - It is acceptable to include brief direct quotations or specific terminology if it helps maintain factual accuracy or clarity, but quotations should be minimal.
   - Avoid excessive overlap with the source text’s wording, striving for under approximately 30-35% lexical overlap.

5. **Structure and Coherence:** 
   - Organize the summary logically, with a clear flow between sentences.
   - Each sentence should contribute new, relevant information.
   - Avoid redundancy or unnecessary detail beyond what can fit within the 3-4 sentence limit.

6. **Contextual Understanding:**
   - Ensure that the summary reflects an accurate understanding of the relationships and significance of entities mentioned (e.g., roles of people, organizational hierarchies, market or event contexts).
   - Incorporate implicit but clear themes or conclusions when appropriate (for example, identifying the significance of an event or trend highlighted in the original).

The goal is to create a succinct, clear, and original summary in English that faithfully represents the original passage's main content and nuances without excessive quotation or length.
Iteration 6: New subsample score 2.4000000000000004 is not better than old score 2.55, skipping
Iteration 7: Selected program 0 score: 1.0
Iteration 7: All subsample scores perfect for parent 0. Skipping.
Iteration 7: Reflective mutation did not propose a new candidate
Iteration 8: Selected program 0 score: 1.0
Iteration 8: Proposed new text for system_prompt: You will be given a text input, typically a news article or report mostly in English. Your task is to produce a concise summary of the given input text that meets the following detailed criteria:

1. **Language**: The summary must always be written in English, regardless of whether some part of the instructions or background is provided in another language (e.g., Korean). Always respond in English matching the source text language.

2. **Length**: The summary should be limited to 3 or 4 sentences. Avoid exceeding this length to maintain conciseness and focus.

3. **Content**:
   - Capture the main points and essential factual information from the input text.
   - Avoid trivial or very minor details; prioritize leadership roles, key events, dates, significant trends, and notable impacts.
   - When the input includes named entities (people, organizations, places), include those relevant to the core narrative.
   - Avoid excessive repetition or minor specifics that do not contribute directly to the summary’s main idea.

4. **Paraphrasing and Quotation Balance**:
   - Rephrase the original text predominantly into your own wording.
   - Some direct expressions or phrases from the input may be incorporated sparingly for clarity or emphasis.
   - Maintain the original meaning without introducing misinformation or irrelevant interpretation.

5. **Style**:
   - Use formal and neutral tone appropriate for news summarization.
   - Ensure factual accuracy and coherence.
   - The output should be fluid and naturally readable as a standalone paragraph.

6. **Domain understanding**:
   - Recognize domain-specific terminology (terrorism, geopolitical groups, automotive industry) and provide correct context within the summary.
   - Use common knowledge about organizations or contexts only to clarify or condense phrasing without expanding beyond the provided text.

7. **Avoidance of redundancy**:
   - Ensure no sentence duplicates information unnecessarily.
   - Use compound sentences or conjunctions effectively to condense related information when possible.

By following these guidelines, you will generate succinct, clear, and informative summaries that retain the essence of the provided original text while respecting length and language constraints.
Iteration 8: New subsample score 2.25 is not better than old score 2.7, skipping
Iteration 9: Selected program 0 score: 1.0
Iteration 9: Proposed new text for system_prompt: You will be given a text excerpt formatted as news or media content, often starting with a source tag like (CNN), followed by a detailed article or report in English. Your task is to produce an English summary of the provided text according to the following criteria:

1. Write the summary in English regardless of any other language used in the task instructions or surrounding context.
2. Generate a concise summary composed of approximately 3 to 4 sentences.
3. Use mostly new wording and phrasing, rephrasing the original content substantially to reduce direct overlap with the source text. However, it is acceptable to retain some original expressions, especially notable quotes or specific terms, when necessary for accuracy or impact.
4. Cover the essential facts and key points from the original article, preserving domain-specific details such as names, dates, key events, roles, and outcomes relevant to the story.
5. Avoid extraneous information or personal opinions; maintain a neutral, informative tone.
6. Keep the summary focused and coherent, ensuring that it stands alone as a clear overview of the input content.
7. Be mindful of the summary length: do not exceed 4 sentences, and avoid too brief or overly long summaries.
8. Maintain low lexical overlap with the source text to ensure summarization rather than simple extraction; ideally, aim for less than 20% direct phrase overlap.

This approach ensures a factual, succinct, and well-written English summary that balances informativeness with originality, aligning with journalistic standards and ethical considerations highlighted by examples involving sensitive topics such as race, terrorism, and entertainment media.
Iteration 9: New subsample score 2.85 is not better than old score 2.85, skipping
doc=1 assembled_gepa  checks=1.000 rougeL=0.210  gepa: val 1.00->1.00, changed=False
Iteration 0: Base program full valset score: 0.775 over 2 / 2 examples
Iteration 1: Selected program 0 score: 0.775
Iteration 1: Proposed new text for system_prompt: Task: Summarize the given news or informational text into a concise, clear summary that is no longer than four sentences.

Details and Requirements:  
- The summary should capture the core facts and main points from the input text without unnecessary details.  
- The summary must be factual and accurate, reflecting information about people, events, dates, places, organizations, and context as presented in the text.  
- Avoid using exact or complete phrases and sentences from the original text; prioritize paraphrasing to reduce overlap and extraction. Aim to minimize direct textual overlap with the source.  
- The summary should synthesize information into new, coherent sentences rather than listing points.  
- Keep the length strictly to four sentences or fewer. Summaries with five or more sentences are considered too long.  
- Focus on key domain-specific and niche facts where relevant (such as names of individuals, groups, companies, events, locations, dates, and contextual background) that define the news or article, rather than general or extraneous information.  
- Reflect the tone of the original text (informative, neutral) but avoid subjective commentary or speculation.  
- Exclude minor details, opinions, promotional content, or list-style reasoning unless central to understanding the main story.   
- When summarizing complex or multi-faceted input (e.g., about terrorist organizations, market trends, celebrity projects), integrate information logically without repeating facts.  
- The inputs will often be news or report style texts containing named entities and event descriptions. Summaries should balance specificity and conciseness.  

Purpose: Provide a brief but comprehensive overview that anyone can read to grasp the gist and essential information of news reports or informational articles without needing to read the full text.  

Example strategy:  
- Identify the core subject (person, event, or topic) and its key attributes or developments.  
- Mention important secondary facts (e.g., dates, outcomes, related parties) only if supporting the main point.  
- Paraphrase to reduce direct overlap, replacing expressions with synonyms or restructuring sentences.  
- Avoid excess sentence count by combining related information into single statements.  
- Ensure the summary is self-contained and understandable without the original text.
Iteration 1: Accepted candidate (subsample score 2.35 -> 2.55); running full eval.
Iteration 1: Found a better program on the valset with score 1.0.
Iteration 1: Valset score for new program: 1.0 (coverage 2 / 2)
Iteration 1: Val aggregate for new program: 1.0
Iteration 1: Individual valset scores for new program: {0: 1.0, 1: 1.0}
Iteration 1: New valset pareto front scores: {0: 1.0, 1: 1.0}
Iteration 1: Valset pareto front aggregate score: 1.0
Iteration 1: Updated valset pareto front programs: {0: {1}, 1: {1}}
Iteration 1: Best valset aggregate score so far: 1.0
Iteration 1: Best program as per aggregate score on valset: 1
Iteration 1: Best score on valset: 1.0
Iteration 1: Linear pareto front program index: 1
Iteration 1: New program candidate index: 1
Iteration 2: Selected program 1 score: 1.0
Iteration 2: All subsample scores perfect for parent 1. Skipping.
Iteration 2: Reflective mutation did not propose a new candidate
Iteration 3: Selected program 1 score: 1.0
Iteration 3: All subsample scores perfect for parent 1. Skipping.
Iteration 3: Reflective mutation did not propose a new candidate
Iteration 4: Selected program 1 score: 1.0
Iteration 4: Proposed new text for system_prompt: Task: Create a concise and accurate summary of the provided news or informational text in no more than four sentences.

Instructions and Requirements:

1. Length and Structure:
   - Limit the summary to a maximum of four sentences. Summaries longer than four sentences will be rejected.
   - Combine related facts into coherent sentences to ensure brevity without losing essential information.
   - The summary must be self-contained and comprehensible without the original text.

2. Content and Focus:
   - Identify and synthesize the core subject (person, event, organization, or topic) and its main attributes or developments.
   - Include key domain-specific facts such as names of individuals, organizations, groups, dates, locations, events, or contextual details that are critical to understanding the story.
   - Exclude minor details, tangential opinions, promotional material, or general information that does not define the newsworthiness or the main point.
   - When input covers complex or multifaceted topics (e.g., terrorism, market trends, entertainment industry), integrate information logically without repeated facts or redundant phrasing.
   - Maintain an informative and neutral tone; avoid subjective commentary, speculation, or editorializing.

3. Language and Style:
   - Paraphrase thoroughly to minimize direct overlap with the source text, reducing extracted phrases or sentences.
   - Avoid copying exact or complete phrases; use synonyms and restructured sentences to ensure originality.
   - Synthesize information into newly constructed sentences rather than listing facts.
   - Provide factual accuracy by precisely reflecting details about people, events, dates, places, and organizations as presented.

4. Quality and Evaluation Criteria:
   - Summaries must be factually correct and convey the main points clearly and concisely.
   - Adherence to length and paraphrasing requirements is critical; excessive sentence count or high overlap with input text leads to rejection.
   - Balance specificity with conciseness: focus on key and niche facts that define the news, avoiding redundant or overly general statements.

5. Suggested Approach:
   - Start by pinpointing the central subject and its significant developments or status.
   - Note important secondary facts only if necessary for context or clarity.
   - Use paraphrasing techniques such as synonym substitution, sentence restructuring, and combining related information.
   - Avoid redundant mention of the same fact in multiple sentences; aim for synthesis.
   - Check length carefully and ensure coherence and fluency in the summary.

Purpose: To provide readers with a short, clear, and comprehensive overview of the core facts and essence of news or informational texts, enabling an understanding of key developments without the need to read the full article.
Iteration 4: New subsample score 2.1 is not better than old score 2.4000000000000004, skipping
Iteration 5: Selected program 1 score: 1.0
Iteration 5: All subsample scores perfect for parent 1. Skipping.
Iteration 5: Reflective mutation did not propose a new candidate
Iteration 6: Selected program 1 score: 1.0
Iteration 6: Proposed new text for system_prompt: Task: Generate a concise, clear summary of the given news or informational text, strictly limited to no more than four sentences.

Detailed Requirements:  
- The summary must synthesize the core facts and principal points from the input without extraneous details.  
- Accurately reflect all key factual elements, including named entities such as people, organizations, dates, locations, events, and relevant contextual background that define the news or article. Domain-specific details (e.g., names of terrorist organizations, specific auto models, market data, official roles) should be included to preserve essential information.  
- Paraphrase extensively to avoid using exact phrases or sentences from the source text, minimizing direct textual overlap; avoid extraction or copy-pasting.  
- Organize information logically by integrating related facts into cohesive sentences rather than listing discrete points.  
- Keep the summary self-contained and intelligible without needing the original passage.  
- Strictly limit the summary length to a maximum of four sentences; summaries longer than this are unacceptable. Combine related information wherever possible to maintain brevity.  
- Exclude minor details, opinions, promotional content, or repetitive information unless crucial for understanding the main story. Avoid subjective commentary or speculation.  
- When the input contains multi-faceted or complex subjects (e.g., militant groups, market trends, industry events), merge aspects logically without repeating facts.  
- The tone should be factual and neutral, consistent with the original text's informative style.  
- Examples of key domain-specific elements to highlight (depending on content) include individual roles and affiliations (e.g., "deputy emir of al Qaeda in the Indian Subcontinent"), significant organizational actions (e.g., attacks, drone strikes), numerical data (e.g., sales figures, growth percentages), specific product releases or models (e.g., "Phantom Limelight," "Lincoln MKX"), and significant dates or locations (e.g., "January 15 drone strike in Pakistan’s Shawal Valley," "Auto Shanghai event").  
- Avoid generalizations and vague references; instead incorporate specific named entities and contextual details to accurately characterize the news or report.  

Effective Strategy:  
- Identify the primary subject and its major developments or attributes.  
- Select supporting secondary facts only when they reinforce key points or provide essential context.  
- Paraphrase using synonyms and sentence restructuring to reduce direct overlap with source expressions.  
- Condense multiple related facts into single sentences to meet the strict sentence limit.  
- Maintain a neutral, informative tone throughout without introducing new opinions or speculation.  
- Ensure the summary provides a self-sufficient overview for readers unfamiliar with the original text.  
- Avoid listing style drafts; strive for flowing sentences that integrate facts coherently.  

Purpose:  
To produce a brief yet comprehensive summary that enables users to quickly grasp the essential information and factual content of news reports or informational articles, facilitating understanding without requiring the original source.
Iteration 6: New subsample score 2.25 is not better than old score 2.25, skipping
Iteration 7: Selected program 1 score: 1.0
Iteration 7: Proposed new text for system_prompt: Task: Produce a concise and accurate summary of the provided news or informational text, strictly limited to a maximum of four sentences.

Detailed Requirements:  
- Summarize the core facts and principal points of the input, focusing on named entities (people, organizations, locations, dates) and key events or developments without including extraneous or minor details.  
- Ensure the summary is factual, neutral in tone, and free of subjective commentary, opinions, or promotional language. It should reflect the original article's informational style and intent.  
- Avoid directly copying phrases or sentences from the source; prioritize paraphrasing by restructuring sentences and using synonyms to significantly reduce textual overlap, aiming to keep exact matches as low as possible (around or below 23%).  Do not list points; instead, synthesize information into coherent integrated sentences.  
- Keep the length strictly at four sentences or fewer; summaries exceeding four sentences are unacceptable. To achieve this, combine related details effectively within sentences.  
- Include domain-specific and niche relevant facts that uniquely define the news story, such as individuals' names, titles, event dates, locations, organizational roles, and contextual background critical to understanding the news. Avoid generalities or overly broad descriptions unless necessary.  
- When summarizing complex or multifaceted information (e.g., on political controversies, market shifts, cultural phenomena), integrate all relevant aspects logically and cohesively without repeating information or breaking the flow into separate points.  
- The summary must be complete and self-contained, allowing a reader with no access to the original text to comprehend the main story clearly.  
- Use a neutral and informative tone, reflecting the original text's style while excluding personal opinions or speculations.  
- The final summary should serve as an efficient, accurate briefing that captures the essential news content, suitable for readers who seek a quick but reliable understanding without reading the full text.

Recommended Strategy:
- Identify the central subject of the text and its key developments or attributes.  
- Select secondary but important supporting facts (e.g., dates, outcomes, related parties) only if they help clarify or support the main story.  
- Paraphrase extensively by altering sentence structure, wording, and style.  
- Merge closely related facts into compound or complex sentences to maintain brevity.  
- Avoid over-summarization that omits critical niche details or under-summarization that leads to excessive length.  
- Review the summary to ensure it contains no direct quotes or long verbatim extracts from the input.  
- Verify that the summary is understandable independently, capturing all essential informational points cohesively.

This refined instruction consolidates best practices and niche factual emphasis identified in prior examples and feedback to enhance summary quality, length compliance, factual precision, and paraphrasing sophistication.
Iteration 7: New subsample score 2.85 is not better than old score 2.85, skipping
Iteration 8: Selected program 1 score: 1.0
Iteration 8: Proposed new text for system_prompt: Task: Generate a concise and accurate summary of a provided news or informational article, strictly limited to a maximum of four sentences.

Detailed Requirements:

1. Content and Factual Accuracy:
- Accurately capture the core facts, main points, and essential entities mentioned in the original text, including specific names of people, organizations, events, dates, locations, and relevant context.
- Focus on domain-specific and narrowly relevant information that defines the news story or report (e.g., key individuals, terrorist groups, corporate entities, market trends, event chronology).
- Exclude minor details, opinions, subjective commentary, promotional content, or ancillary information unless directly critical to understanding the main narrative.
- Reflect the tone of the original content (neutral, informative) without speculation or editorializing.

2. Length and Sentence Structure:
- Summaries must be no longer than four sentences. Summaries exceeding this length are considered non-compliant.
- Combine related facts logically to minimize sentence count, avoiding a simple list format.
- Ensure the summary is a coherent, newly constructed textual synthesis rather than a sequence of extracted points or fragmented statements.

3. Paraphrasing and Originality:
- Prioritize paraphrasing to significantly reduce direct textual overlap with the source. Avoid using exact phrases or full sentences from the input.
- Use synonyms, restructure sentences, and integrate facts smoothly to produce a fresh, self-contained summary.
- Balance specificity with conciseness, providing enough detail for comprehension without redundancy.

4. Handling Complex or Multi-faceted Inputs:
- When summarizing texts with multiple related facts or intertwined themes (e.g., terrorist networks, market developments, political events), integrate these points cohesively rather than repeating disconnected facts.
- Focus on the most defining aspects of the input that convey the essential story or informational content.

5. Example-Based Strategy:
- Identify the central subject(s) of the article and their main attributes or developments.
- Include important secondary facts only insofar as they support or clarify the primary topic.
- Avoid enumerating details; instead, form compound or complex sentences that naturally incorporate multiple related facts.
- Produce a summary that stands alone and fully conveys the original text’s gist without reference to it.

Purpose:
Create a brief yet comprehensive overview that anyone can read to grasp the vital information and context of news or information reports without needing to consult the full text. The summary should maintain clarity, neutrality, and factual precision while meeting strict length and originality standards.
Iteration 8: New subsample score 2.25 is not better than old score 2.4000000000000004, skipping
doc=1 neutral_gepa    checks=0.850 rougeL=0.215  gepa: val 0.78->1.00, changed=True
Iteration 0: Base program full valset score: 1.0 over 2 / 2 examples
Iteration 1: Selected program 0 score: 1.0
Iteration 1: Proposed new text for system_prompt: Task: Summarize an English-language article or text according to the specific guidelines below.

Input format:
- The input is a news article or report excerpt in English (the "original text").
- The input may include source/citation lines (e.g., CNN, EW), but the summary should focus on content.

Detailed instructions for the summary:
1. The summary must be written in English, regardless of any instructions or other languages present.
2. The summary should be concise, consisting of about 3 to 4 sentences.
3. Use mostly new expressions and rephrase the original content extensively to minimize direct extraction or copying. However, limited direct quoting of words or phrases from the original is acceptable when necessary for clarity or emphasis.
4. The summary should accurately capture the main points and essential information from the original text, including:
   - Key figures or entities mentioned.
   - Relevant events, dates, or outcomes.
   - Significant trends, data, or context present in the text.
5. Maintain coherence and readability while covering the essential aspects in a balanced way.
6. Avoid verbose or redundant sentences to keep within the sentence limit.
7. Strive to minimize overlap in phrasing with the input text to keep the summary mostly original in wording (aim for low extractiveness).
8. The summary should clearly convey the significance or impact based on the facts or context provided.

Recommended approach:
- Read and understand the full original text.
- Identify its main ideas, key facts, and important details.
- Restate these points clearly and concisely in your own words.
- Use precise language to reflect factual content.
- Limit the summary to 3-4 sentences by prioritizing core information.
- Optionally, quote short original expressions only if they convey a concept best.

Example considerations derived from prior outputs and feedback:
- Avoid producing summaries longer than 4 sentences.
- Keep extractiveness (the degree of copied phrasing) ideally below ~30%.
- Include relevant data points or examples that illustrate the main theme.
- Highlight important individuals, groups, locations, or actions that define the story.
- Contextualize developments or changes, such as market trends or event consequences.

This instruction is designed to ensure summaries are concise, mostly original, accurate, and in English, suitable for news or report-like texts.
Iteration 1: New subsample score 2.7 is not better than old score 2.85, skipping
Iteration 2: Selected program 0 score: 1.0
Iteration 2: All subsample scores perfect for parent 0. Skipping.
Iteration 2: Reflective mutation did not propose a new candidate
Iteration 3: Selected program 0 score: 1.0
Iteration 3: All subsample scores perfect for parent 0. Skipping.
Iteration 3: Reflective mutation did not propose a new candidate
Iteration 4: Selected program 0 score: 1.0
Iteration 4: Proposed new text for system_prompt: You are given a text passage in English as the input. Your task is to produce a concise summary of the passage following these detailed instructions:

1. Write the summary entirely in English, regardless of any other instructions or parts of the input that may appear in other languages. Always use English for your output.

2. The summary length must be about 3 to 4 sentences. Do not exceed 4 sentences.

3. Focus on capturing the key points and the main information from the original text while substantially rephrasing the content in your own words. Avoid copying sentences or phrases verbatim unless it is a short, notable phrase necessary for clarity or emphasis (e.g., specific names, titles, or direct quotes).

4. Minimize the extent of text overlap with the original passage to ensure a new expression style. When you use any original wording, it should be limited and clearly essential.

5. Include any domain-specific or factual details relevant to understanding the passage’s core message (e.g., names of people, organizations, events, dates, places), but present them in a synthesized and coherent manner.

6. Maintain a neutral and informative tone appropriate for summarization.

In essence, your summary should be a clear, stand-alone, and well-written 3-4 sentence paragraph in English that accurately distills the original passage’s essential facts and meanings with minimal direct copying.

Example of applied principles:
- Identify key entities (persons, places, organizations).
- Outline main actions or events (who did what, when, and where).
- Highlight important contextual information (such as background or significance).
- Use your own words to reconstruct the content logically and coherently within the sentence limit.

Do not add opinions, extraneous details, or unnecessary background beyond what is present and relevant in the original input.
Iteration 4: New subsample score 2.4000000000000004 is not better than old score 2.7, skipping
Iteration 5: Selected program 0 score: 1.0
Iteration 5: Proposed new text for system_prompt: Task: Summarize the given English news or article text in English according to detailed guidelines.

Input format: A news or article segment (usually from CNN or similar news sources) written in English.

Output requirements:  
1. Summarize the given original English text in English. Even if other instructions appear in Korean, always respond in English, matching the language of the input text.  
2. The summary length must be approximately 3 to 4 sentences long. Do not exceed 4 sentences.  
3. Use mostly new expressions to paraphrase the original text, minimizing direct copying of phrases to reduce extraction rate (aim for less than 25-30% overlap with original text). However, it is permissible to quote or retain some original phrases when necessary for clarity or emphasis.  
4. Capture the main points and the core factual content, including important names, events, causes, consequences, and the overall tone or implication if relevant.  
5. Avoid including unnecessary details or redundant information; focus on providing a concise, accurate, and coherent summary.  
6. Ensure that the summary reflects domain-specific details if present (e.g., names of companies, people, film titles, dates, market statistics, controversies) to maintain factual accuracy.  
7. When complex or nuanced narratives are present (e.g., controversies, multiple perspectives), ensure that the summary fairly represents the key elements and the underlying ethical, social, or cultural context when relevant.

Generalizable summary strategy:  
- Identify the main subject and context of the original text.  
- Extract key facts and events that drive the story or argument.  
- Paraphrase those points succinctly, integrating where appropriate select quotations from the original to enhance clarity or preserve technical terms.  
- Maintain a logical flow that readers unfamiliar with the full text can understand.  
- Keep the summary within the specified sentence limit without losing essential meaning.

This instruction ensures that future assistants generate concise, mostly paraphrased English summaries of English news texts, prioritizing clarity, factual accuracy, and appropriate length.
Iteration 5: Accepted candidate (subsample score 2.85 -> 3.0); running full eval.
Iteration 5: Valset score for new program: 1.0 (coverage 2 / 2)
Iteration 5: Val aggregate for new program: 1.0
Iteration 5: Individual valset scores for new program: {0: 1.0, 1: 1.0}
Iteration 5: New valset pareto front scores: {0: 1.0, 1: 1.0}
Iteration 5: Valset pareto front aggregate score: 1.0
Iteration 5: Updated valset pareto front programs: {0: {0, 1}, 1: {0, 1}}
Iteration 5: Best valset aggregate score so far: 1.0
Iteration 5: Best program as per aggregate score on valset: 0
Iteration 5: Best score on valset: 1.0
Iteration 5: Linear pareto front program index: 0
Iteration 5: New program candidate index: 1
Iteration 6: Selected program 1 score: 1.0
Iteration 6: Proposed new text for system_prompt: Task: Generate a concise English summary of a given English news or article segment, primarily from established news outlets like CNN.

Input Format:  
- A news or article excerpt written in English, typically covering current events, political or social issues, economic data, company information, or other journalistic content.  
- The input may contain complex narratives, multiple perspectives, domain-specific details (e.g., names of people, organizations, dates, locations, market statistics, controversies), or nuanced topics.

Output Requirements:  
1. Summarize the input text in English regardless of any non-English instructions present, maintaining the same language as the input.  
2. The summary length must be strictly limited to approximately 3 to 4 sentences (do not exceed 4 sentences).  
3. Use mostly paraphrased language to express the main facts and ideas, minimizing direct copying from the source to reduce overlap to roughly 25-30% or less. Minor exact phrases or specific terms are allowed when necessary for clarity, emphasis, or technical accuracy.  
4. Accurately capture the main subject, key facts, important names, events, causes, consequences, and any notable outcomes or implications.  
5. When the input contains multiple viewpoints, controversies, or ethical/social/cultural contexts, the summary should fairly reflect these elements without bias or omission.  
6. Exclude redundant or miscellaneous details, focusing on essential content that conveys the core message clearly and coherently.  
7. Pay careful attention to domain-specific facts: company names, key individuals, exact dates, relevant statistics, locations, and important events must be preserved or correctly paraphrased to maintain factual precision.  

Generalizable Summary Strategy:  
- Identify and isolate the main topic or event and its context.  
- Extract the critical information that drives the narrative or argument, including pivotal figures and core developments.  
- Paraphrase these points succinctly while preserving factual integrity; selectively retain original terms or quotations for clarity or emphasis as needed.  
- Construct a logical and standalone summary that a reader unfamiliar with the original can easily understand.  
- Adhere strictly to the 3-4 sentence limit, ensuring the summary remains compact yet comprehensive without sacrificing important details.

Additional Notes:  
- Summaries should balance brevity with completeness, avoiding overly long or superficial descriptions.  
- Avoid repetition or unnecessarily restating the same ideas in different words.  
- When summarizing topics about markets or industries (e.g., automotive sector, terrorism groups), emphasize relevant statistics, market trends, leadership roles, and event timelines to maintain domain relevance.

This set of instructions aims to instruct future assistants to produce concise, accurate, mostly paraphrased summaries of English news texts, carefully tuned for length and factual clarity while respecting the complexity and specificity of the source material.
Iteration 6: New subsample score 2.4 is not better than old score 2.55, skipping
Iteration 7: Selected program 1 score: 1.0
Iteration 7: All subsample scores perfect for parent 1. Skipping.
Iteration 7: Reflective mutation did not propose a new candidate
Iteration 8: Selected program 1 score: 1.0
Iteration 8: Proposed new text for system_prompt: Task: Generate a concise English summary of a given English news or article text segment (typically from CNN or similar reputable news sources) following specific guidelines to ensure clarity, factual accuracy, and minimal overlap with the original text.

Input format:  
- A news or article excerpt written in English, generally on current affairs, terrorism, automotive industry, or similar topics.

Output requirements:  
1. Summarize the original English text fully in English, matching the input language, even if other instructions appear in a different language.  
2. The summary length must be strictly limited to 3 to 4 sentences. Do not exceed 4 sentences under any circumstances.  
3. Use mostly original phrasing and expressions to paraphrase the content, aiming to keep direct phrase overlap (extraction rate) with the original text below 25-30%. Some direct quotes or original terminology may be retained when essential for clarity, accuracy, or emphasis.  
4. Capture the main subject, key facts, names, events, causes, consequences, and any relevant tone or implications presented in the original text. Include domain-specific or niche information such as names of organizations (e.g., al Qaeda factions, automotive companies), individuals, dates, locations, market statistics, controversies, or specialized terminology to maintain factual precision.  
5. Avoid unnecessary details, redundancies, or tangential information; focus on delivering a coherent, tightly-written summary of core meanings.  
6. When the original text contains nuanced narratives—such as controversies, multiple perspectives, or complex socio-cultural or ethical contexts—represent the key elements fairly and clearly.  
7. Ensure logical flow and readability, so readers unfamiliar with the full text can understand the summary independently.

Generalizable summary strategy:  
- Identify the central topic and situate it with relevant context.  
- Extract critical facts and developments driving the narrative or argument.  
- Paraphrase these points succinctly, interspersing essential quotations or technical terms selectively to maintain clarity.  
- Construct the summary with a natural logical progression, ensuring completeness without verbosity.  
- Adhere to the requested sentence and length constraints strictly.

This instruction captures necessary domain nuances, factual components, and style guidelines essential for generating consistent, high-quality summaries of English news articles or segments in the assistant’s future tasks.
Iteration 8: New subsample score 2.4 is not better than old score 2.55, skipping
doc=1 partial_gepa    checks=1.000 rougeL=0.210  gepa: val 1.00->1.00, changed=False
doc=2 assembled       checks=1.000 rougeL=0.143
Iteration 0: Base program full valset score: 1.0 over 2 / 2 examples
Iteration 1: Selected program 0 score: 1.0
Iteration 1: All subsample scores perfect for parent 0. Skipping.
Iteration 1: Reflective mutation did not propose a new candidate
Iteration 2: Selected program 0 score: 1.0
Iteration 2: All subsample scores perfect for parent 0. Skipping.
Iteration 2: Reflective mutation did not propose a new candidate
Iteration 3: Selected program 0 score: 1.0
Iteration 3: Proposed new text for system_prompt: You will be given a text passage (input) in English. Your task is to create a detailed summary of the passage, strictly following the guidelines below:

1. Write the summary in **English** only, regardless of the language of any other instructions. 
2. The summary must be **at least 5 complete sentences** long to ensure sufficient detail.
3. Use mostly **original expressions and rephrasing** instead of simply copying phrases from the input; however, it is acceptable to directly quote brief expressions from the original text if necessary to preserve meaning or clarity.
4. Focus on summarizing the **core content and key factual points** of the input text, capturing important domain-specific or contextual information without adding unsupported opinions or unrelated details.
5. Avoid excessive overlap with the source text—aim for a paraphrasing rate that limits direct textual similarity to around or below 20%, ensuring the summary feels original.
6. Balance thoroughness and conciseness by covering essential background, developments, key figures, and implications where relevant.
7. Maintain clarity and coherence so the summary stands independently as a readable, informative text.

This task involves interpreting journalistic or informational text with varied topics such as current events, culture, technology, or similar areas that include specific details, named entities, and nuanced information. Your summary should reflect comprehensive understanding and present it accessibly with some variation in language.

Example approaches:
- Identify the central subject and primary events or claims.
- Highlight pivotal statistics, quotes, or expert opinions where they clarify context.
- Exclude minor details or anecdotes that do not contribute to the overall understanding.
- Use synonyms, restructuring of sentences, and paraphrasing to reduce direct repetition.
- When necessary, briefly quote specific terms or names from the text for precision.

Overall, the output should be a well-constructed, detailed English summary of the input passage that is original, informative, and aligns with journalistic summary standards.
Iteration 3: Accepted candidate (subsample score 2.8416840573587425 -> 3.0); running full eval.
Iteration 3: Valset score for new program: 1.0 (coverage 2 / 2)
Iteration 3: Val aggregate for new program: 1.0
Iteration 3: Individual valset scores for new program: {0: 1.0, 1: 1.0}
Iteration 3: New valset pareto front scores: {0: 1.0, 1: 1.0}
Iteration 3: Valset pareto front aggregate score: 1.0
Iteration 3: Updated valset pareto front programs: {0: {0, 1}, 1: {0, 1}}
Iteration 3: Best valset aggregate score so far: 1.0
Iteration 3: Best program as per aggregate score on valset: 0
Iteration 3: Best score on valset: 1.0
Iteration 3: Linear pareto front program index: 0
Iteration 3: New program candidate index: 1
Iteration 4: Selected program 1 score: 1.0
Iteration 4: All subsample scores perfect for parent 1. Skipping.
Iteration 4: Reflective mutation did not propose a new candidate
Iteration 5: Selected program 1 score: 1.0
Iteration 5: All subsample scores perfect for parent 1. Skipping.
Iteration 5: Reflective mutation did not propose a new candidate
Iteration 6: Selected program 1 score: 1.0
Iteration 6: All subsample scores perfect for parent 1. Skipping.
Iteration 6: Reflective mutation did not propose a new candidate
Iteration 7: Selected program 1 score: 1.0
Iteration 7: All subsample scores perfect for parent 1. Skipping.
Iteration 7: Reflective mutation did not propose a new candidate
Iteration 8: Selected program 1 score: 1.0
Iteration 8: All subsample scores perfect for parent 1. Skipping.
Iteration 8: Reflective mutation did not propose a new candidate
Iteration 9: Selected program 1 score: 1.0
Iteration 9: All subsample scores perfect for parent 1. Skipping.
Iteration 9: Reflective mutation did not propose a new candidate
Iteration 10: Selected program 1 score: 1.0
Iteration 10: All subsample scores perfect for parent 1. Skipping.
Iteration 10: Reflective mutation did not propose a new candidate
Iteration 11: Selected program 1 score: 1.0
Iteration 11: All subsample scores perfect for parent 1. Skipping.
Iteration 11: Reflective mutation did not propose a new candidate
doc=2 assembled_gepa  checks=1.000 rougeL=0.143  gepa: val 1.00->1.00, changed=False
Iteration 0: Base program full valset score: 0.9208420286793713 over 2 / 2 examples
Iteration 1: Selected program 0 score: 0.9208420286793713
Iteration 1: Proposed new text for system_prompt: Task: Summarize the given text input.

Input Format:
- The input is a news article or a detailed informational text, often including:
  - A dateline or location (e.g., "Shanghai, China (CNN)")
  - Multiple paragraphs covering factual and contextual information about events, people, or topics
  - Complex content with domain-specific terminology, proper nouns (names, places, organizations), chronology, and background context.

Output Requirements:
- Produce a concise summary that captures all major factual points and core information from the input text.
- The summary should be 5 or more sentences long (preferably between 5 to 7 sentences) to ensure completeness and adequate coverage of the original text.
- Avoid excessive copying of phrases from the original; limit direct phrase overlap to about 20-40% to maintain extractiveness while ensuring fluency and originality.
- Use paraphrasing and rephrasing strategically to reduce repetition of specific phrases or sentences from the source, but do not change or omit important facts.
- The summary should maintain fidelity to the original meanings, correctly attributing key details (e.g., names, dates, locations, roles).
- Highlight niche or domain-specific information such as organizational roles, historical events, statistical data, or significant developments mentioned.
- Reflect the structure of the information logically: typically start by identifying the main subject(s) or event(s), then elaborate on key points such as significance, outcomes, context, stakeholders, and implications.
- Include relevant specifics such as names of people, organizations, geographic locations, dates, and quantifiable data where important.
- Summarization strategy:
  - Identify key information conveyed by each paragraph or section.
  - Condense multiple details into compound sentences without losing informativeness.
  - Avoid adding new information or subjective commentary beyond what is in the original.
  - Maintain a neutral, factual tone consistent with journalistic style.

In summary, your response should be a factual, well-organized, concise summary of at least 5 sentences, accurately reflecting the information given, with moderate paraphrasing to avoid excessive reuse of original wording, and including all significant details, especially niche domain-specific facts.
Iteration 1: Accepted candidate (subsample score 2.8416840573587425 -> 3.0); running full eval.
Iteration 1: Found a better program on the valset with score 1.0.
Iteration 1: Valset score for new program: 1.0 (coverage 2 / 2)
Iteration 1: Val aggregate for new program: 1.0
Iteration 1: Individual valset scores for new program: {0: 1.0, 1: 1.0}
Iteration 1: New valset pareto front scores: {0: 1.0, 1: 1.0}
Iteration 1: Valset pareto front aggregate score: 1.0
Iteration 1: Updated valset pareto front programs: {0: {0, 1}, 1: {1}}
Iteration 1: Best valset aggregate score so far: 1.0
Iteration 1: Best program as per aggregate score on valset: 1
Iteration 1: Best score on valset: 1.0
Iteration 1: Linear pareto front program index: 1
Iteration 1: New program candidate index: 1
Iteration 2: Selected program 1 score: 1.0
Iteration 2: All subsample scores perfect for parent 1. Skipping.
Iteration 2: Reflective mutation did not propose a new candidate
Iteration 3: Selected program 1 score: 1.0
Iteration 3: All subsample scores perfect for parent 1. Skipping.
Iteration 3: Reflective mutation did not propose a new candidate
Iteration 4: Selected program 1 score: 1.0
Iteration 4: All subsample scores perfect for parent 1. Skipping.
Iteration 4: Reflective mutation did not propose a new candidate
Iteration 5: Selected program 1 score: 1.0
Iteration 5: All subsample scores perfect for parent 1. Skipping.
Iteration 5: Reflective mutation did not propose a new candidate
Iteration 6: Selected program 1 score: 1.0
Iteration 6: All subsample scores perfect for parent 1. Skipping.
Iteration 6: Reflective mutation did not propose a new candidate
Iteration 7: Selected program 1 score: 1.0
Iteration 7: All subsample scores perfect for parent 1. Skipping.
Iteration 7: Reflective mutation did not propose a new candidate
Iteration 8: Selected program 1 score: 1.0
Iteration 8: All subsample scores perfect for parent 1. Skipping.
Iteration 8: Reflective mutation did not propose a new candidate
Iteration 9: Selected program 1 score: 1.0
Iteration 9: Proposed new text for system_prompt: Task: Generate a factual and comprehensive summary of a given news article or detailed informational text.

Input Format:
- The input text is typically a journalistic or informational piece that includes:
  - A dateline or location line (e.g., "Shanghai, China (CNN)") indicating the source or place of reporting
  - Multiple paragraphs containing factual information, background context, chronology, names of people, organizations, places, dates, and domain-specific terminology
  - Content may cover events, individuals, organizations, significant developments, statistics, or historical references

Output Requirements:
- Produce a concise yet thorough summary that accurately reflects all major factual points and core information conveyed in the original text.
- The summary should be at least 5 sentences long, preferably between 5 to 7 sentences, to balance completeness and brevity.
- The tone must remain neutral, objective, and factual, consistent with journalistic style, avoiding any subjective commentary or added opinions.
- Maintain fidelity to original meanings and correctly attribute all key details such as names, dates, geographic locations, organizational roles, and significant data.
- Preserve niche or domain-specific factual content, such as historical events, organizational hierarchies, technical terms, statistical facts, and important developments mentioned in the source.
- Structure the summary logically: 
   - Begin by identifying the main subject(s), event(s), or topic(s)
   - Elaborate key details such as the subject’s significance, outcomes, context, and relevant stakeholders
   - Include any implications or broader context highlighted in the text
- Employ a moderate level of paraphrasing: 
   - Limit direct overlap with original phrasing to approximately 20-40% to ensure a natural and fluent summary without excessive copying
   - Rephrase and combine information from multiple sentences to avoid repetition and improve coherence
- Avoid introducing any new information or subjective interpretation beyond what the input text explicitly states
- Use compound and complex sentences where appropriate to succinctly convey multiple related facts without losing informativeness
- Ensure the final text has logical flow and reads as a standalone coherent summary, capturing the essence of the original article

Summarization Strategy:
- Identify and extract key factual information paragraph by paragraph or section by section
- Emphasize domain-specific details, proper nouns, and notable exact data necessary for full understanding of the events or subjects
- Condense detailed content into well-rounded, informative sentences that maintain all relevant facts
- Demonstrate sensitivity to the importance of correct attribution and clarity around complex topics, such as names, organizations, historical timelines, and causes/effects
- Balance extractiveness and originality through careful rewriting to avoid too much direct copy-pasting while preserving essential facts and meaning

In short, your response should be a well-organized, precise, and objective summary of 5+ sentences that faithfully includes all significant details—especially domain-specific elements—with moderate paraphrasing to ensure clarity, originality, and journalistic neutrality.
Iteration 9: Accepted candidate (subsample score 2.8416840573587425 -> 3.0); running full eval.
Iteration 9: Valset score for new program: 1.0 (coverage 2 / 2)
Iteration 9: Val aggregate for new program: 1.0
Iteration 9: Individual valset scores for new program: {0: 1.0, 1: 1.0}
Iteration 9: New valset pareto front scores: {0: 1.0, 1: 1.0}
Iteration 9: Valset pareto front aggregate score: 1.0
Iteration 9: Updated valset pareto front programs: {0: {0, 1, 2}, 1: {1, 2}}
Iteration 9: Best valset aggregate score so far: 1.0
Iteration 9: Best program as per aggregate score on valset: 1
Iteration 9: Best score on valset: 1.0
Iteration 9: Linear pareto front program index: 1
Iteration 9: New program candidate index: 2
Iteration 10: Selected program 2 score: 1.0
Iteration 10: Proposed new text for system_prompt: Task: Create a factual, comprehensive, and well-structured summary of a given news article or detailed informational text.

Input Format:
- The input text will generally be a journalistic or informational article and typically includes:
  - A dateline or location line indicating the source or reporting location (e.g., "Shanghai, China (CNN)")
  - Multiple paragraphs featuring factual information, background context, timelines, names of people, organizations, places, dates, and domain-specific terminology
  - Coverage of events, individuals, entities, significant developments, statistical figures, or historical references relevant to the article’s subject

Output Requirements:
- Produce a complete, concise summary of the original text that accurately reflects all significant factual points and key information.
- The summary must be at least 5 sentences long, ideally 5 to 7 sentences, balancing thoroughness with brevity.
- Maintain a neutral, objective, and factual tone consistent with journalistic standards.
- Ensure all facts, names, dates, places, organizational roles, statistics, and any domain-specific or niche content are faithfully represented without alteration or omission.
- Preserve technical terms, historical timelines, brand names, and notable data points as presented.
- Organize the summary logically:
   - Begin by stating the main subject(s), event(s), or topic(s)
   - Elaborate key details including significance, outcomes, context, and stakeholders
   - Address broader implications or contextual background where provided
- Employ moderate paraphrasing to reduce overlap with the source text to about 20%-40%, using compound and complex sentences to convey multiple related facts succinctly and fluently.
- Avoid introducing new information, subjective opinions, or interpretations beyond what the source explicitly states.
- The final summary should be coherent, logically flowing, and able to stand alone as an informative piece capturing the article’s essence.

Summarization Strategy:
- Analyze the input paragraph-by-paragraph or section-by-section to extract core factual information.
- Emphasize domain-specific details such as proper nouns, specialized terminology, exact data, and organizational hierarchies to ensure comprehensive coverage.
- Where possible, combine related pieces of information into unified sentences that maintain factual integrity and clarity.
- Balance extractiveness and originality by carefully rephrasing content and restructuring sentences to minimize direct copying without losing meaning.
- Demonstrate attention to correct attribution, especially when quoting or referencing named individuals, organizations, or statistics.
- Account for complex topics by clarifying relationships and timelines without distortion.
- Ensure the summary respects journalistic objectivity without adding personal commentary or speculation.

Additional Notes:
- Typical input texts may revolve around automotive industry developments, entertainment news, political or economic events, and other domains with domain-specific terminology and precise factual data.
- Summaries should reflect numeric data accurately (e.g., sales figures, growth percentages, dates).
- Cultural references or brand reputations mentioned in the input should be neutrally conveyed.
- Quotations included must be represented factually and contextually as presented.

In short, your output must be a well-organized, accurate, and objective summary that captures all essential details and domain-specific facts from the original input, uses moderate paraphrasing, employs varied sentence structures, and respects journalistic tone and neutrality, while being no fewer than 5 sentences.
Iteration 10: Accepted candidate (subsample score 2.8416840573587425 -> 3.0); running full eval.
Iteration 10: Valset score for new program: 1.0 (coverage 2 / 2)
Iteration 10: Val aggregate for new program: 1.0
Iteration 10: Individual valset scores for new program: {0: 1.0, 1: 1.0}
Iteration 10: New valset pareto front scores: {0: 1.0, 1: 1.0}
Iteration 10: Valset pareto front aggregate score: 1.0
Iteration 10: Updated valset pareto front programs: {0: {0, 1, 2, 3}, 1: {1, 2, 3}}
Iteration 10: Best valset aggregate score so far: 1.0
Iteration 10: Best program as per aggregate score on valset: 1
Iteration 10: Best score on valset: 1.0
Iteration 10: Linear pareto front program index: 1
Iteration 10: New program candidate index: 3
doc=2 neutral_gepa    checks=1.000 rougeL=0.141  gepa: val 0.92->1.00, changed=True
Iteration 0: Base program full valset score: 1.0 over 2 / 2 examples
Iteration 1: Selected program 0 score: 1.0
Iteration 1: All subsample scores perfect for parent 0. Skipping.
Iteration 1: Reflective mutation did not propose a new candidate
Iteration 2: Selected program 0 score: 1.0
Iteration 2: All subsample scores perfect for parent 0. Skipping.
Iteration 2: Reflective mutation did not propose a new candidate
Iteration 3: Selected program 0 score: 1.0
Iteration 3: Proposed new text for system_prompt: You will be given an English text passage as input. Your task is to produce a detailed summary of the given passage in English, regardless of any other instructions in Korean or other languages. 

The summary must satisfy the following criteria:
1. Write the summary entirely in English.
2. Include at least five complete sentences in the summary to ensure sufficient detail.
3. Capture the main points and key facts of the original text comprehensively and accurately.
4. Avoid excessive direct copying; keep the overlap of exact phrases low by rephrasing and synthesizing the content.
5. Reflect specific, domain-related factual details from the original text (e.g., names, events, statistics, dates, direct quotes or their core meanings) to preserve nuance.
6. Ensure clarity and coherence, producing a logically flowing summary that can stand alone as an overview of the input text.

Generalization strategy:
- Identify the main topic and the core narrative or argument the text presents.
- Extract key information such as who, what, when, where, why, and how.
- Highlight any notable developments, controversies, or contextual factors discussed.
- Integrate details that reveal the significance or implications of the information.
- Paraphrase original content with sufficient semantic closeness but minimal verbatim repetition.

This approach balances completeness, factual accuracy, and originality in language, producing a high-quality English summary from complex source texts.
Iteration 3: Accepted candidate (subsample score 2.8416840573587425 -> 3.0); running full eval.
Iteration 3: Valset score for new program: 1.0 (coverage 2 / 2)
Iteration 3: Val aggregate for new program: 1.0
Iteration 3: Individual valset scores for new program: {0: 1.0, 1: 1.0}
Iteration 3: New valset pareto front scores: {0: 1.0, 1: 1.0}
Iteration 3: Valset pareto front aggregate score: 1.0
Iteration 3: Updated valset pareto front programs: {0: {0, 1}, 1: {0, 1}}
Iteration 3: Best valset aggregate score so far: 1.0
Iteration 3: Best program as per aggregate score on valset: 0
Iteration 3: Best score on valset: 1.0
Iteration 3: Linear pareto front program index: 0
Iteration 3: New program candidate index: 1
Iteration 4: Selected program 1 score: 1.0
Iteration 4: All subsample scores perfect for parent 1. Skipping.
Iteration 4: Reflective mutation did not propose a new candidate
Iteration 5: Selected program 1 score: 1.0
Iteration 5: All subsample scores perfect for parent 1. Skipping.
Iteration 5: Reflective mutation did not propose a new candidate
Iteration 6: Selected program 1 score: 1.0
Iteration 6: All subsample scores perfect for parent 1. Skipping.
Iteration 6: Reflective mutation did not propose a new candidate
Iteration 7: Selected program 1 score: 1.0
Iteration 7: All subsample scores perfect for parent 1. Skipping.
Iteration 7: Reflective mutation did not propose a new candidate
Iteration 8: Selected program 1 score: 1.0
Iteration 8: All subsample scores perfect for parent 1. Skipping.
Iteration 8: Reflective mutation did not propose a new candidate
Iteration 9: Selected program 1 score: 1.0
Iteration 9: All subsample scores perfect for parent 1. Skipping.
Iteration 9: Reflective mutation did not propose a new candidate
Iteration 10: Selected program 1 score: 1.0
Iteration 10: All subsample scores perfect for parent 1. Skipping.
Iteration 10: Reflective mutation did not propose a new candidate
Iteration 11: Selected program 1 score: 1.0
Iteration 11: All subsample scores perfect for parent 1. Skipping.
Iteration 11: Reflective mutation did not propose a new candidate
doc=2 partial_gepa    checks=1.000 rougeL=0.153  gepa: val 1.00->1.00, changed=False
doc=3 assembled       checks=1.000 rougeL=0.189
Iteration 0: Base program full valset score: 1.0 over 2 / 2 examples
Iteration 1: Selected program 0 score: 1.0
Iteration 1: Proposed new text for system_prompt: You will be given a text passage (in English) to summarize according to these detailed guidelines:

1. Summarize the given input text briefly and accurately in **English**, regardless of any other language instructions present in the input. Always answer in English.

2. The summary must be **very short**, limited to **no more than 2 sentences**.

3. Reword the source text extensively to avoid excessive overlap with original phrasing; aim for **less than 50% lexical overlap** with the original text. Use mostly new expressions and paraphrasing, but you may quote or reuse original phrases sparingly and only when necessary for clarity or emphasis.

4. Focus on capturing the core factual content, key points, or main ideas presented in the original text while removing extraneous detail, examples, or anecdotes.

5. Keep the style concise and clear, suitable for a general audience who needs a quick understanding of the main message or updates in the input.

6. Input source texts may be news reports, announcements, or descriptive passages with domain-specific or niche details (such as names, dates, locations, specialized terms). Ensure these factual details are preserved accurately in the summary without distortion.

7. Avoid generating interpretations, opinions, or additional information not present in the input.

This task requires balancing brevity, accuracy, and rephrasing to produce a compact yet faithful English summary that minimizes repetition of the original wording.

Example approach: Read input carefully -> Identify core factual information and key points -> Rewrite in your own words mostly -> Formulate no more than two sentences that express main ideas clearly and concisely -> Check length and lexical novelty before output.
Iteration 1: Accepted candidate (subsample score 2.791860465116279 -> 2.85); running full eval.
Iteration 1: Valset score for new program: 1.0 (coverage 2 / 2)
Iteration 1: Val aggregate for new program: 1.0
Iteration 1: Individual valset scores for new program: {0: 1.0, 1: 1.0}
Iteration 1: New valset pareto front scores: {0: 1.0, 1: 1.0}
Iteration 1: Valset pareto front aggregate score: 1.0
Iteration 1: Updated valset pareto front programs: {0: {0, 1}, 1: {0, 1}}
Iteration 1: Best valset aggregate score so far: 1.0
Iteration 1: Best program as per aggregate score on valset: 0
Iteration 1: Best score on valset: 1.0
Iteration 1: Linear pareto front program index: 0
Iteration 1: New program candidate index: 1
Iteration 2: Selected program 1 score: 1.0
Iteration 2: Proposed new text for system_prompt: You will be given a text passage in English to summarize briefly and accurately according to these detailed guidelines:

1. Always produce the summary in English, regardless of any other language or instructions in the input.

2. Limit the summary to no more than 2 sentences. Brevity is crucial.

3. Strongly paraphrase the source text to ensure that your output has less than 50% lexical overlap with the original wording. Avoid copying phrases or sentences except for rare cases where quoting a phrase is necessary for clarity or emphasis.

4. Extract and include only the core factual content, main points, or key ideas from the input text. Remove any extraneous details, examples, anecdotes, opinions, or interpretations.

5. Preserve all domain-specific and niche factual details accurately, such as names, dates, locations, specialized terms, events, or numerical data, without distortion or omission.

6. Maintain a clear and concise style suitable for a general audience who requires a quick understanding of the main message or updates.

7. Avoid adding any new information, personal opinions, interpretations, or commentary beyond what is present in the original text.

8. A recommended approach is: carefully read the entire input to identify core facts and key points → extensively rephrase those points in your own words → construct no more than two concise sentences that communicate the primary information clearly → verify the summary’s length and lexical novelty against the source.

9. Be mindful of avoiding length violations (exceeding two sentences) and lexical overlap exceeding 50%, as these impact the summary’s quality.

This task requires balancing compactness, factual accuracy, and thorough rewording to produce a succinct, faithful, and plagiarism-minimized English summary suitable for news, announcements, or detailed descriptive passages involving specialized content.
Iteration 2: Accepted candidate (subsample score 2.85 -> 3.0); running full eval.
Iteration 2: Valset score for new program: 0.961764705882353 (coverage 2 / 2)
Iteration 2: Val aggregate for new program: 0.961764705882353
Iteration 2: Individual valset scores for new program: {0: 0.9235294117647059, 1: 1.0}
Iteration 2: New valset pareto front scores: {0: 1.0, 1: 1.0}
Iteration 2: Valset pareto front aggregate score: 1.0
Iteration 2: Updated valset pareto front programs: {0: {0, 1}, 1: {0, 1, 2}}
Iteration 2: Best valset aggregate score so far: 1.0
Iteration 2: Best program as per aggregate score on valset: 0
Iteration 2: Best score on valset: 1.0
Iteration 2: Linear pareto front program index: 0
Iteration 2: New program candidate index: 2
Iteration 3: Selected program 1 score: 1.0
Iteration 3: All subsample scores perfect for parent 1. Skipping.
Iteration 3: Reflective mutation did not propose a new candidate
Iteration 4: Selected program 1 score: 1.0
Iteration 4: Proposed new text for system_prompt: You will be given an English text passage, such as a news report, announcement, or descriptive article possibly containing domain-specific facts (e.g., names, dates, locations, organizations, or specialized terms). Your task is to produce a very brief, accurate English summary, adhering strictly to the following detailed requirements:

1. Write the summary fully in English regardless of any language hints or non-English text in the source.

2. Limit the summary to no more than two sentences total.

3. Rephrase extensively to minimize direct copying: ensure your summary has less than 50% lexical overlap with the original text by using mostly new wording and expressions. Use direct quotations or original phrasing only sparingly and when necessary for clarity or emphasis.

4. Extract and focus only on core factual content, the main ideas, and key points presented in the input, omitting any examples, anecdotes, or extraneous commentary.

5. Retain all specific factual details accurately, including names, dates, locations, titles, organizational affiliations, roles, and other domain-specific identifiers that are critical to understanding the facts without distortion.

6. Keep the writing clear, concise, and suitable for readers needing a rapid comprehension of the main message or update.

7. Do not add interpretations, opinions, or any information not explicitly stated in the original text.

To solve this task effectively:

- First, carefully read and understand the source to identify the essential facts and main points.

- Next, rewrite these facts extensively using your own words and phrasing to avoid repeating the text unnecessarily.

- Then, condense the content into one or two concise sentences that communicate the core message clearly.

- Finally, confirm that your summary preserves factual accuracy, meets the length limit, and contains sufficiently novel phrasing relative to the source.

This approach balances brevity, precision, and rewording to produce compact, faithful English summaries that maintain key factual details while conforming to strict length and lexical novelty constraints.
Iteration 4: Accepted candidate (subsample score 2.300584795321637 -> 2.4785714285714286); running full eval.
Iteration 4: Valset score for new program: 0.96 (coverage 2 / 2)
Iteration 4: Val aggregate for new program: 0.96
Iteration 4: Individual valset scores for new program: {0: 0.9800000000000001, 1: 0.94}
Iteration 4: New valset pareto front scores: {0: 1.0, 1: 1.0}
Iteration 4: Valset pareto front aggregate score: 1.0
Iteration 4: Updated valset pareto front programs: {0: {0, 1}, 1: {0, 1, 2}}
Iteration 4: Best valset aggregate score so far: 1.0
Iteration 4: Best program as per aggregate score on valset: 0
Iteration 4: Best score on valset: 1.0
Iteration 4: Linear pareto front program index: 0
Iteration 4: New program candidate index: 3
Iteration 5: Selected program 1 score: 1.0
Iteration 5: All subsample scores perfect for parent 1. Skipping.
Iteration 5: Reflective mutation did not propose a new candidate
Iteration 6: Selected program 1 score: 1.0
Iteration 6: Proposed new text for system_prompt: You will be provided with a text passage in English that you need to summarize briefly and accurately, strictly following these detailed requirements:

1. Produce a summary in English only, regardless of any other language cues in the input. Always respond in English.

2. Limit the summary to no more than two sentences, ensuring extreme brevity.

3. Paraphrase extensively to reduce overlap with the original text; maintain less than 50% lexical overlap by using mostly fresh wording and sentence structures. Use exact phrases or quotes only sparingly, and only when necessary for clarity or emphasis.

4. Focus solely on the essential factual information: key points, core content, and main ideas presented in the source passage. Exclude all extraneous detail, examples, anecdotes, or commentary.

5. Preserve all domain-specific facts (such as names, dates, places, organizations, specialized terms) precisely and without distortion, since accurate detail retention is critical.

6. Maintain a concise, clear style aimed at a general audience who requires a quick, reliable understanding of principal facts or updates.

7. Avoid adding any interpretation, commentary, opinions, or information beyond what is explicitly stated in the input.

Input texts may include news reports, announcements, or descriptive pieces with niche or technical content, and often contain multiple proper nouns, numeric data, and geographic or organizational references that must be accurately reflected in the summary.

A successful approach includes: carefully reading the input to identify the core factual content; extensively rephrasing original language to minimize textual overlap; condensing the main points into no more than two sentences that clearly convey the essential message; and verifying both brevity and adherence to paraphrasing and factual accuracy requirements.

Your goal is to balance brevity, precision, and paraphrasing rigor, resulting in a compact, trustworthy English summary that contains all key facts while significantly rewording the input text.
Iteration 6: New subsample score 2.3516129032258064 is not better than old score 2.490677966101695, skipping
Iteration 7: Selected program 1 score: 1.0
Iteration 7: All subsample scores perfect for parent 1. Skipping.
Iteration 7: Reflective mutation did not propose a new candidate
doc=3 assembled_gepa  checks=1.000 rougeL=0.189  gepa: val 1.00->1.00, changed=False
Iteration 0: Base program full valset score: 0.55 over 2 / 2 examples
Iteration 1: Selected program 0 score: 0.55
Iteration 1: Proposed new text for system_prompt: Task: Summarize the given text into a concise summary that is no longer than 2 sentences.

Input format: The input text is generally a factual news article or report from sources like CNN or entertainment news outlets. It may include detailed information such as names, dates, places, affiliations, events, and specific facts about people, organizations, or market trends.

Detailed Requirements:
1. Length: The summary must be extremely concise, containing no more than 2 sentences.
2. Content: Capture the core facts and main points of the input without losing essential information. Prioritize major entities (e.g., people, organizations), key events, outcomes, and context that explain the significance or impact.
3. Paraphrasing: Avoid simply copying verbatim phrases from the input text. Instead, rephrase and rewrite the content clearly and succinctly to minimize overlap with the original wording.
4. Precision: Do not add external information or unsupported interpretations. Summarize only what is present in the input.
5. Focus: Emphasize the main story or newsworthy element. Omit minor details, background explanations, or side commentary unless they are crucial to understanding the summary.
6. Style: Use clear, formal language appropriate for news summarization.

Purpose: To provide a brief, accurate snapshot of a complex, information-dense news article or report that can be quickly read and understood, suitable for readers seeking concise updates.

Recommended approach:
- Identify the main subject(s) and their roles or significance.
- Extract the key event(s) or development(s) involving these subjects.
- Note the time and place if relevant to the event.
- Express the information in a compact form using original wording and sentence structure.
- Ensure total summary length is within the 2-sentence limit.

Example: 
Given a detailed news report about a drone strike killing a senior al Qaeda leader and hostages, produce a summary that states who died, when and where, the affiliation of the person, and any important related facts in no more than 2 sentences, all paraphrased.

This instruction aims to balance informativeness with brevity and originality, addressing previous shortcomings such as length violation and excessive phrase overlap.
Iteration 1: Accepted candidate (subsample score 1.9 -> 2.7); running full eval.
Iteration 1: Found a better program on the valset with score 0.9888059701492538.
Iteration 1: Valset score for new program: 0.9888059701492538 (coverage 2 / 2)
Iteration 1: Val aggregate for new program: 0.9888059701492538
Iteration 1: Individual valset scores for new program: {0: 0.9776119402985075, 1: 1.0}
Iteration 1: New valset pareto front scores: {0: 0.9776119402985075, 1: 1.0}
Iteration 1: Valset pareto front aggregate score: 0.9888059701492538
Iteration 1: Updated valset pareto front programs: {0: {1}, 1: {1}}
Iteration 1: Best valset aggregate score so far: 0.9888059701492538
Iteration 1: Best program as per aggregate score on valset: 1
Iteration 1: Best score on valset: 0.9888059701492538
Iteration 1: Linear pareto front program index: 1
Iteration 1: New program candidate index: 1
Iteration 2: Selected program 1 score: 0.9888059701492538
Iteration 2: All subsample scores perfect for parent 1. Skipping.
Iteration 2: Reflective mutation did not propose a new candidate
Iteration 3: Selected program 1 score: 0.9888059701492538
Iteration 3: All subsample scores perfect for parent 1. Skipping.
Iteration 3: Reflective mutation did not propose a new candidate
Iteration 4: Selected program 1 score: 0.9888059701492538
Iteration 4: Proposed new text for system_prompt: Task: Produce an extremely concise summary of the given factual news article or report, limited to no more than 2 sentences.

Input format: The input text resembles a news report or article from reputable sources such as CNN or entertainment news outlets. It often includes detailed information presenting names, dates, places, affiliations, events, roles of people or organizations, and specific factual content related to politics, terrorism, entertainment, or market trends.

Detailed Requirements:
1. Length: The summary must be strictly limited to a maximum of 2 sentences.
2. Core Content: Focus on capturing the essential facts — primary subjects (individuals, organizations), key events or developments, notable outcomes, and contextual significance (such as dates and locations if relevant).
3. Paraphrasing and Originality: The summary must be substantially rephrased and rewritten to avoid heavy overlap with the input text. Aim to minimize verbatim phrase repetition to under 50% similarity, prioritizing clear, original sentence structure and vocabulary.
4. Precision and Accuracy: Include only information explicitly supported by the input. Avoid adding any external knowledge, interpretation, or assumptions beyond what is contained in the source text.
5. Focus on Newsworthiness: Emphasize the most important and newsworthy elements of the story. Exclude minor details, background explanations, or side commentary unless these are crucial to understanding the main point or significance.
6. Style and Tone: Use a formal, journalistic style suitable for brief news updates—concise, factual, and clear.
7. Information Hierarchy: Prioritize information by identifying:
   - Who or what is the main subject and their role or significance.
   - What key event or development has occurred.
   - When and where the event took place if this adds meaningful context.
   - The relevance or impact of the event (e.g., outcomes or consequences).
8. Length Management: Carefully compress information to fit within two sentences without losing essential meaning or clarity. Avoid listing multiple minor details separately; instead, integrate core facts efficiently.
9. Avoid Redundancy: Avoid repeating the same information in different words within the summary.

Recommended Approach:
- Read the full input carefully to capture all critical facts.
- Extract the major entities involved and the main event or newsworthy development.
- Note the timeline and location if these are significant.
- Rewrite the information succinctly with original wording and phrasing, reducing overlap with the input source.
- Condense related information into balanced sentence structures to meet the two-sentence maximum.
- Review for clarity, completeness of essential facts, and strict adherence to the length limit.

Additional Domain-specific Notes (derived from examples):
- For terrorism-related inputs, clearly identify the person(s) involved, their affiliation and rank, the nature and date of the incident, and any significant casualties or consequences.
- For entertainment-related inputs, highlight confirmed projects, key collaborators, thematic focus, and notable cultural or career context.
- Avoid using phrases or proper names verbatim as much as possible; use synonyms, descriptive phrases, or paraphrased equivalents instead.
- Avoid including any subjective commentary or opinions present in the original text.

Purpose: To generate a brief yet comprehensive news summary that condenses complex or detailed information into a digestible, two-sentence update, ensuring originality in expression, factual precision, and news appropriateness.
Iteration 4: Accepted candidate (subsample score 2.4245762711864405 -> 2.55); running full eval.
Iteration 4: Found a better program on the valset with score 1.0.
Iteration 4: Valset score for new program: 1.0 (coverage 2 / 2)
Iteration 4: Val aggregate for new program: 1.0
Iteration 4: Individual valset scores for new program: {0: 1.0, 1: 1.0}
Iteration 4: New valset pareto front scores: {0: 1.0, 1: 1.0}
Iteration 4: Valset pareto front aggregate score: 1.0
Iteration 4: Updated valset pareto front programs: {0: {2}, 1: {1, 2}}
Iteration 4: Best valset aggregate score so far: 1.0
Iteration 4: Best program as per aggregate score on valset: 2
Iteration 4: Best score on valset: 1.0
Iteration 4: Linear pareto front program index: 2
Iteration 4: New program candidate index: 2
Iteration 5: Selected program 2 score: 1.0
Iteration 5: Proposed new text for system_prompt: Task: Generate an extremely concise, original summary of the provided factual news article or report, strictly limited to a maximum of two sentences.

Input format: The input is a detailed news article or report resembling content from reputable sources (e.g., CNN, entertainment news), containing specific factual information such as names (people, organizations), dates, locations, roles, events, developments, and outcomes related to politics, terrorism, entertainment, market trends, or other serious news topics.

Detailed Requirements:
1. Length: The output summary must be a maximum of two sentences only. Summaries longer than two sentences are unacceptable.
2. Core Content: Capture the essence of the story by focusing on:
   - Primary subjects (key individuals or organizations and their roles or affiliations)
   - Main event(s) or significant developments
   - Relevant date and location, only if they add meaningful context or impact
   - Notable outcomes, consequences, or significance of the event
3. Paraphrasing and Originality: 
   - Restate facts with original wording and sentence construction.
   - Minimize verbatim overlap with input text, aiming for less than 50% similarity.
   - Avoid copying proper names or distinctive phrases verbatim when possible; use synonyms, descriptive phrases, or paraphrases instead.
4. Precision and Accuracy:
   - Include only information explicitly supported by the input.
   - Do not add external knowledge, assumptions, commentary, or interpretation.
5. Newsworthiness and Focus:
   - Emphasize the most important facts and newsworthy elements.
   - Exclude minor details, background information, subjective opinions, or narrative commentary unless crucial to the core event.
6. Style and Tone:
   - Use a formal, journalistic tone suited to brief news updates.
   - Prioritize clarity, factuality, and neutrality.
7. Information Hierarchy:
   - Prioritize clearly identifying who/what is the main subject and their significance.
   - Include core event details succinctly.
   - Add timing and location only when they provide valuable context.
   - Reference outcomes or implications briefly.
8. Length Management and Integration:
   - Compress related information efficiently into two balanced sentences without redundancy.
   - Avoid listing multiple minor facts separately; integrate them logically.
   - Prevent repetition of the same fact within the summary.
9. Domain-Specific Notes:
   - For terrorism-related content, identify involved persons, their affiliations/ranks, the incident's nature and date, and significant casualties or consequences.
   - For entertainment content, highlight confirmed projects, primary collaborators, thematic focus, and relevant cultural or career context.
   - For market trends or industry news, capture leading companies, market conditions, strategic developments, and economic impact without minor elaborations.
10. Quality Review:
   - After generating the summary, verify it fits within the two-sentence limit precisely.
   - Check for clarity, essential fact coverage, strict adherence to the input only, and low textual overlap.

Recommended Approach:
- Carefully read the entire input to understand the key facts and significance.
- Extract the core entities, main event, timeframe, location (if relevant), and consequences.
- Rewrite succinctly, merging interconnected details smoothly.
- Monitor length strictly, ensuring no more than two sentences.
- Ensure the style is formal, objective, and brief.
- Confirm minimal phrase overlap and paraphrased wording.
- Avoid repeating information or adding subjective interpretations.

Purpose: To provide a compact, original, and accurate briefing that distills complex and detailed factual news articles or reports into a highly concise (max. two sentences) update, suitable for rapid news consumption with journalistic integrity and factual precision.
Iteration 5: Accepted candidate (subsample score 2.85 -> 3.0); running full eval.
Iteration 5: Valset score for new program: 0.9969135802469136 (coverage 2 / 2)
Iteration 5: Val aggregate for new program: 0.9969135802469136
Iteration 5: Individual valset scores for new program: {0: 0.993827160493827, 1: 1.0}
Iteration 5: New valset pareto front scores: {0: 1.0, 1: 1.0}
Iteration 5: Valset pareto front aggregate score: 1.0
Iteration 5: Updated valset pareto front programs: {0: {2}, 1: {1, 2, 3}}
Iteration 5: Best valset aggregate score so far: 1.0
Iteration 5: Best program as per aggregate score on valset: 2
Iteration 5: Best score on valset: 1.0
Iteration 5: Linear pareto front program index: 2
Iteration 5: New program candidate index: 3
Iteration 6: Selected program 2 score: 1.0
Iteration 6: Proposed new text for system_prompt: Task: Generate an extremely concise and precise summary of the provided factual news article or report, restricted to no more than two sentences.

Input format: The input resembles a factual news report or article from reputable sources (e.g., CNN, entertainment news outlets). It contains detailed information including names of individuals or organizations, dates, locations, affiliations, specific event descriptions, outcomes, and context relevant to domains such as politics, terrorism, entertainment, or market trends.

Detailed requirements:  
1. Length: The summary must be strictly limited to a maximum of two sentences.  
2. Core Content: Capture the essential facts — primary subjects (individuals, groups, organizations), the key event(s) or development(s), significant outcomes or consequences, and relevant contextual details (such as dates and locations, if meaningful).  
3. Paraphrasing and Originality: Rephrase content substantially to ensure less than 50% verbatim overlap with the original text, focusing on original sentence construction and vocabulary to avoid repetitive phrasing.  
4. Accuracy and Fidelity: Include only facts explicitly stated in the input. Do not add external knowledge, inference, or assumptions beyond the source text.  
5. Newsworthiness: Prioritize the most important and newsworthy elements; exclude minor details, background explanations, or side commentary unless they are crucial to understanding the core event or impact.  
6. Style and Tone: Use a formal, clear, journalistic tone suitable for concise news summaries; avoid subjective opinions, commentary, or editorializing.  
7. Information Hierarchy: Structure information by:  
   - Identifying the main subject(s) and their role or significance.  
   - Describing the principal event or development clearly.  
   - Including timeline and location only if they add meaningful context or relevance.  
   - Highlighting the importance, impact, or consequence of the event.  
8. Length management and conciseness: Carefully condense and combine related information into well-balanced sentence structures. Avoid listing multiple minor details in separate fragments; rather, integrate them efficiently to meet the two-sentence limit without sacrificing clarity or essential meaning.  
9. Avoid redundancy: Do not repeat the same fact in different words within the summary.

Domain-specific notes:  
- For terrorism-related content, include the identities, affiliations, ranks, event timing and locations, and any significant casualties or outcomes related to counterterrorism actions.  
- For entertainment topics, emphasize confirmed projects, notable collaborators, thematic significance, and relevant career or cultural context.  
- Avoid repeated use of exact proper names or phrases from the source by using synonyms, descriptive references, or paraphrased forms when possible.

Recommended strategy:  
- Thoroughly read the entire input to grasp all critical facts.  
- Extract major entities (people, organizations) and main event(s) or development(s).  
- Identify meaningful timeline and location details to include only if relevant.  
- Rewrite the information succinctly, combining logically related facts into concise sentences while preserving original meaning.  
- Review the summary ensuring strict adherence to the length limit, factual accuracy, and low lexical overlap with the source.  
- Confirm that the style is formal, clear, and focused on news relevance.

Purpose: To produce brief yet comprehensive two-sentence news summaries that distill complex or detailed information into digestible, original, and factually precise updates, suitable for professional news dissemination.
Iteration 6: New subsample score 2.3805194805194807 is not better than old score 2.5338709677419358, skipping
Iteration 7: Selected program 2 score: 1.0
Iteration 7: Proposed new text for system_prompt: Task: Generate a highly concise, original, and factually accurate summary of a given factual news article or report, limited strictly to no more than 2 sentences.

Input Format:  
The input resembles news content from credible sources like CNN or entertainment outlets, containing detailed factual information such as names, dates, places, affiliations, events, and roles related to politics, terrorism, entertainment, market trends, or other current affairs.

Detailed Requirements:  
1. **Length Constraint:** Summaries must never exceed two sentences.  
2. **Core Content Inclusion:** Capture only the essential facts — main entities (persons, organizations), primary events or developments, dates and locations if materially relevant, and any significant outcomes or consequences.  
3. **Paraphrasing & Originality:** Rewrite the information substantially to avoid verbatim repetition; limit phrase overlap with the original text to under 50%. Use different vocabulary and sentence structures. Avoid copying proper nouns or phrases unless unavoidable.  
4. **Precision & Fidelity:** Include only information explicitly supported by the input; do not add interpretation, assumptions, or external knowledge.  
5. **Newsworthiness Focus:** Emphasize the most important and impactful elements relevant for a timely and informative news update. Exclude minor details, background context, or subjective commentary unless crucial.  
6. **Style & Tone:** Adopt a formal, succinct, journalistic style appropriate for concise news briefs—clear, factual, and objective.  
7. **Information Hierarchy:** Prioritize information as follows:  
   - Identify the main subject(s) and their role or significance.  
   - Clearly state the key event or development.  
   - Include timing and location if directly relevant or adds critical context.  
   - Note the relevance, impact, or consequences if available.  
8. **Avoid Redundancy and Wordiness:** Do not repeat content using synonymous phrases; integrate related facts smoothly into concise, balanced sentences.  
9. **Domain-specific Guidance:**  
   - For terrorism-related inputs: Identify persons and their affiliations, describe the incident with dates, and mention casualties or consequences if present.  
   - For entertainment-related inputs: Highlight confirmed projects, major collaborators, thematic focus, and career or cultural relevance.  
   - For market or business news: Emphasize key market trends, changes in consumer behavior, relevant corporate strategies, and economic context.  
10. **Length Management:** Be stringent in compressing information and avoid listing multiple minor facts separately; instead, synthesize related facts in a single sentence or phrase.  
11. **Quality Check:** Before finalizing, ensure the summary is clear, complete on essential facts, free from redundancy, and strictly adheres to the two-sentence maximum.

Recommended Approach:  
- Carefully read the entire input to grasp all significant facts and identify the most newsworthy points.  
- Extract key entities and the central newsworthy event.  
- Determine whether timing and location are important for understanding or value.  
- Rewrite concisely and originally, maintaining factual accuracy and minimizing verbatim overlap.  
- Integrate related facts into fluent, balanced sentences respecting length limits.  
- Review for clarity, completeness, precision, and brevity.

Purpose:  
To produce succinct, precise news summaries that distill complex, detailed input into a digestible two-sentence update suitable for news headlines, alerts, or quick briefs without losing essential meaning or factual accuracy.
Iteration 7: Accepted candidate (subsample score 2.85 -> 3.0); running full eval.
Iteration 7: Valset score for new program: 1.0 (coverage 2 / 2)
Iteration 7: Val aggregate for new program: 1.0
Iteration 7: Individual valset scores for new program: {0: 1.0, 1: 1.0}
Iteration 7: New valset pareto front scores: {0: 1.0, 1: 1.0}
Iteration 7: Valset pareto front aggregate score: 1.0
Iteration 7: Updated valset pareto front programs: {0: {2, 4}, 1: {1, 2, 3, 4}}
Iteration 7: Best valset aggregate score so far: 1.0
Iteration 7: Best program as per aggregate score on valset: 2
Iteration 7: Best score on valset: 1.0
Iteration 7: Linear pareto front program index: 2
Iteration 7: New program candidate index: 4
doc=3 neutral_gepa    checks=1.000 rougeL=0.164  gepa: val 0.55->1.00, changed=True
Iteration 0: Base program full valset score: 1.0 over 2 / 2 examples
Iteration 1: Selected program 0 score: 1.0
Iteration 1: Proposed new text for system_prompt: Task Description:
You will be given a text passage in English which you must summarize concisely in English. The goal is to produce a very brief summary of no more than two sentences. The summary should convey the core information and key points of the original text, reflecting its main message or event.

Detailed Instructions:
1. Language: Regardless of any instructions or comments written in Korean or other languages, your summary must always be written in English, the same language as the original text.  
2. Length: Limit the summary strictly to two sentences or fewer. The summary should be very short and succinct.  
3. Content:
   - Capture the essential facts, key developments, or main ideas from the original text.
   - Avoid unnecessary details or elaborations.
   - The summary should stand alone and be understandable without reading the original passage.
4. Paraphrasing Strategy:
   - Rephrase most of the content using new expressions and your own words rather than simply extracting sentences verbatim from the original text.
   - It is acceptable to quote or reuse some original phrases only if they are particularly distinctive or important for preserving factual accuracy.
   - Strive to minimize overlap with the original wording while maintaining clarity and precision.
5. Domain-Specific Considerations:
   - When summarizing news articles, identify and include relevant entities (e.g., people, organizations), major actions (e.g., events, outcomes), and contextual details (e.g., locations, dates) succinctly.
   - Be mindful of nuances such as roles, titles, or specific terminology (e.g., "deputy emir," "SUV," "drone strike") to ensure factual accuracy.
6. Style & Tone:
   - Use neutral and formal language appropriate for news or informational summaries.
   - Avoid adding opinions or biases.
7. Quality Control:
   - Verify the length and avoid summaries exceeding two sentences.
   - Check that the summary respects the meaning of the original, without distortion or omission of critical facts.
   - Maintain a balance between extractiveness and abstraction: the summary should mostly paraphrase but can selectively retain original terms if needed.

By following these detailed guidelines, your concise summaries will be precise, accurate, and adhere strictly to length and language requirements while effectively conveying the original text’s main points in a fresh manner.
Iteration 1: New subsample score 2.85 is not better than old score 2.85, skipping
Iteration 2: Selected program 0 score: 1.0
Iteration 2: All subsample scores perfect for parent 0. Skipping.
Iteration 2: Reflective mutation did not propose a new candidate
Iteration 3: Selected program 0 score: 1.0
Iteration 3: All subsample scores perfect for parent 0. Skipping.
Iteration 3: Reflective mutation did not propose a new candidate
Iteration 4: Selected program 0 score: 1.0
Iteration 4: Proposed new text for system_prompt: You will be given a text passage (the "original text") in English as input. Your task is to produce a very brief summary of that text following these detailed instructions:

1. Language: The summary must be written in English, regardless of any other language instructions or context in the prompt.

2. Length: The summary must be no longer than two sentences (2 sentences maximum).

3. Style and Content:
   - Use mostly new expressions and phrasing rather than copying chunks verbatim from the original text.
   - You may quote or reuse short phrases from the original text only when necessary for clarity or accuracy.
   - The summary should capture the main points and essential information conveyed by the original text, focusing on the most important facts or developments.
   - Avoid extraneous details and keep the focus tight to fit within the two-sentence limit.

4. General approach:
   - Identify key entities, events, or claims in the text.
   - Combine these into a concise, coherent statement or two that reflect the core message.
   - Use varied vocabulary and sentence constructions to minimize overlap with the original text.

5. Evaluation criteria (for your internal guidance):
   - Adherence to the two-sentence limit is critical.
   - Paraphrasing and reducing direct overlap with source text (aim for less than about 40% verbatim overlap).
   - Preservation of factual accuracy and key information.
   - Clarity, coherence, and fluency of the English summary.

By following these rules, your output should be a clear, accurate, and very concise English summary of the input text, suitable for uses where brief, paraphrased synopses are desired.
Iteration 4: New subsample score 2.7 is not better than old score 2.7, skipping
Iteration 5: Selected program 0 score: 1.0
Iteration 5: All subsample scores perfect for parent 0. Skipping.
Iteration 5: Reflective mutation did not propose a new candidate
Iteration 6: Selected program 0 score: 1.0
Iteration 6: Proposed new text for system_prompt: Task Description:
Given a passage of English text (the "original text"), your goal is to produce a very short summary of it according to detailed guidelines. The summary must be in English regardless of whether any other instructions in the provided text are in Korean or another language.

Core Requirements:
1. Language: The summary must be written in English.
2. Length: The summary should be no more than 2 sentences.
3. Style: Use mostly new wording, paraphrasing the original text rather than copying large chunks verbatim. It is allowed to quote or reuse short phrases from the original only if necessary for clarity or accuracy.
4. Content: The summary should capture the essential key points or facts from the original text.
5. Avoid excessive overlap in wording with the source text to minimize extractiveness, aiming for fresh expression.

Input Format:
- The input passage will be provided in English.
- Some instructions or additional notes may be in Korean, but the summary must still be in English.
- The input may include detailed factual content, named entities, dates, or domain-specific information.

Recommendation for Effective Summarization:
- Read the original text carefully to identify the main facts or messages.
- Distill the information down to at most two sentences.
- Rephrase extensively while maintaining factual accuracy.
- Avoid excessive copying of phrases; instead, restate ideas using synonyms and concise formulation.
- When multiple key points exist, combine them into one or two sentences logically.
- Use specific domain or factual details only if they are central for understanding or distinguishing the main idea.

Purpose:
This task aims to create concise, informative English summaries that are linguistically refreshed from the original, suitable for clear and brief knowledge transfer.
Iteration 6: New subsample score 2.7 is not better than old score 2.7, skipping
Iteration 7: Selected program 0 score: 1.0
Iteration 7: All subsample scores perfect for parent 0. Skipping.
Iteration 7: Reflective mutation did not propose a new candidate
Iteration 8: Selected program 0 score: 1.0
Iteration 8: Proposed new text for system_prompt: Task Description:
You are given a text passage in English, and your task is to produce a brief summary strictly following the guidelines below:

1. Language:  
   - Summarize exclusively in English, regardless of any additional instructions or context that may appear in another language.  
   
2. Length:  
   - The summary must be very concise, containing no more than two sentences in total. This constraint is strict to ensure brevity and focus.  

3. Content and Style:  
   - The summary should effectively capture the key factual information and main ideas from the original text.  
   - Rephrase and rewrite the content predominantly in your own words to reduce direct copying from the source text (aim for less than 40% overlap in phrasing).  
   - It is acceptable, when necessary, to directly quote or lightly reuse original expressions, but only sparingly and when it adds clarity or precision.  
   - Avoid mere extraction or copying of sentences; focus instead on generating a cohesive and succinct paraphrase that retains essential information.  

4. Domain-Specific Context and Examples (inferred from examples):  
   - The task often involves summarizing news articles or reports concerning complex events, such as terrorist activities or major economic and industry developments.  
   - Summaries typically identify key individuals, organizations, main events, or trends succinctly.  
   - While maintaining accuracy, abstracts should be crafted so they do not simply mirror the original wording or structure.  

5. Quality Controls from Feedback Examples:  
   - Do not exceed two sentences.  
   - Minimize reused phrases to ensure originality in expression.  
   - Ensure the summary is self-contained and understandable without reference to the original text.  

Generalizable Strategy:  
- Read the input thoroughly to identify the core facts and main points.  
- Condense these points into one or two expressions focusing on the essence.  
- Rewrite most of the content using synonyms and paraphrases, reserving direct quotes or original terms for unique or technical phrases only.  
- Verify the summary length and phrasing originality before producing the final output.

By strictly following these instructions, you will produce concise, original, and clear English summaries in two or fewer sentences that effectively distill the given source text.
Iteration 8: New subsample score 2.7 is not better than old score 2.7, skipping
Iteration 9: Selected program 0 score: 1.0
Iteration 9: Proposed new text for system_prompt: Task: Summarize a given English text following strict guidelines.

Input Format:  
- The input is a raw text passage, often from news articles or media reports.  
- The text may contain multiple paragraphs and detailed information on a topic.

Detailed Task Description:  
1. Language and Length:  
   - Produce the summary strictly in English, regardless of any instructions or prompts in other languages.  
   - Summaries must be concise and contain **no more than two sentences**. Staying within exactly two sentences is required—do not exceed this limit.

2. Content and Paraphrasing:  
   - Summarize the main points and essence of the text rather than merely extracting phrases.  
   - Use mostly new expressions and reword the original content to demonstrate understanding and minimize direct copying.  
   - Limited use of key original phrasing or short quotes is acceptable only if necessary for clarity or emphasis.  
   - Strive for good balance between informativeness and originality while preserving the factual meaning.

3. Style and Focus:  
   - The summary should reflect nuanced understanding of the text’s key elements, including subtle factual details such as people involved, events, and outcomes where relevant.  
   - Maintain neutrality and objectivity typical of news summaries, avoiding opinions or additional commentary.  
   - Avoid unnecessary or redundant details; focus on the core message or the most impactful insights.

4. Quality Indicators:  
   - The summary should minimize overlap (exact phrase matches) with the original text, ideally keeping it well below 30%.  
   - Keep the summary clear, fluent, and natural-sounding in English.

Reasoning Strategy (Implicit):  
- Identify and prioritize the most important facts or claims made in the original input.  
- Condense these into two coherent sentences, rephrasing to reduce direct copying.  
- If multiple key points exist, find a way to synthesize or connect them succinctly.  
- When necessary, use minimal direct quoting for impact but avoid extended reuse of original phrases.

By following these instructions, the assistant will generate brief (max 2 sentences), original, English-language summaries that capture the core substance of input texts with minimal copying.
Iteration 9: New subsample score 2.55 is not better than old score 2.85, skipping
doc=3 partial_gepa    checks=1.000 rougeL=0.189  gepa: val 1.00->1.00, changed=False
doc=4 assembled       checks=0.978 rougeL=0.197
Iteration 0: Base program full valset score: 0.9948979591836735 over 2 / 2 examples
Iteration 1: Selected program 0 score: 0.9948979591836735
Iteration 1: Proposed new text for system_prompt: Task Description:  
You will receive a written passage (the input text), often containing multiple paragraphs and potentially complex information. Your task is to generate a concise summary in English that captures the core meaning of the original text. This summary must adhere to all specified formatting and content guidelines described below.

Detailed Instructions:  
1. Language:  
   - Write the summary in English regardless of any other language instructions in the input.  
   - Avoid mixing languages; use English exclusively for your output.  

2. Length:  
   - Limit the summary to a maximum of two sentences (2 sentences or fewer).  
   - The summary should be very brief, distilling the most important information in minimal sentences.  

3. Content and Style:  
   - Use mostly new phrasing and expressions to paraphrase the original text.  
   - Direct quotations or original phrases from the input can be included, but only sparingly and when necessary for clarity or impact.  
   - Focus on abstracting and rephrasing rather than extracting verbatim chunks.  
   - Ensure the summary accurately reflects key facts, context, and relationships presented in the source text.  

4. Factual and Domain-Specific Considerations:  
   - Retain crucial domain-specific or niche information (e.g., names, organizations, dates, outcomes) that are essential to understanding the text’s main point.  
   - Maintain accurate representation of roles, events, outcomes, or descriptions relevant to specialized fields (e.g., terrorism groups, entertainment events, auto industry market trends).  
   - Convey the significance or impact described in the original passage clearly but concisely.  

5. General Strategy:  
   - First identify the main subject(s), action(s), and outcome(s) or key messages in the passage.  
   - Reframe these elements briefly using original or equivalent wording.  
   - Avoid including superfluous details or lists unless they are central to the main message.  
   - Keep the tone neutral and factual.  

6. Avoid Excessive Overlap with the Original Text:  
   - Aim for low textual overlap (~10-20%) to increase abstraction.  
   - Accept minimal overlap only when specific names or titles must be preserved for clarity.  

By following these guidelines, the summary will be a concise, accurate, and primarily paraphrased English rendition of the input text, suitable for users needing quick comprehension of a complex original passage.
Iteration 1: New subsample score 2.7 is not better than old score 2.85, skipping
Iteration 2: Selected program 0 score: 0.9948979591836735
Iteration 2: All subsample scores perfect for parent 0. Skipping.
Iteration 2: Reflective mutation did not propose a new candidate
Iteration 3: Selected program 0 score: 0.9948979591836735
Iteration 3: All subsample scores perfect for parent 0. Skipping.
Iteration 3: Reflective mutation did not propose a new candidate
Iteration 4: Selected program 0 score: 0.9948979591836735
Iteration 4: Proposed new text for system_prompt: You will be provided with a text passage (the "original text") in English preceded by a source marker, e.g., (CNN). Your task is to produce a very concise summary of the original text, strictly adhering to the following requirements:

1. Language:  
   - The summary must be written in English, regardless of the language of the input instructions or any other text around it.  
   - Always answer in English if the original text is in English, even if other instructions are given in Korean or another language.

2. Length and Format:  
   - The summary must be no longer than 2 sentences. Use two sentences at most, do not exceed this limit.  
   - Make the summary extremely brief but meaningful.

3. Content and Style:  
   - Use mostly new expressions and rephrase the original content to avoid excessive overlap with the source text.  
   - Partial direct quotations or some reused phrases are allowed only when necessary to preserve critical or distinctive terminology or names.  
   - Focus on capturing the key information, core facts, or primary events presented in the original text, without adding opinions or details not present in the original.  
   - Avoid extraneous information, repetition, or trivial details that do not contribute significantly to the understanding of the core message.

4. Domain-specific and factual relevance:  
   - Preserve essential factual details such as names, dates, roles, affiliations (e.g., individuals’ titles, organizations, events) when they are critical to the meaning.  
   - Summarize complex information about people, organizations, or events clearly and concisely—e.g., specifying affiliations like “deputy emir of al Qaeda in the Indian Subcontinent” or “New Line Cinema is making a Mariah Carey Christmas movie.”  
   - When multiple significant facts are present (e.g., deaths in strikes, film production details), integrate them into a coherent two-sentence summary prioritizing the most salient points.

5. Quality criteria based on examples and feedback:  
   - Strictly adhere to the two-sentence maximum; summaries longer than two sentences will be rated negatively.  
   - Minimize copying large chunks of original wording; aim for mostly paraphrased content (less than ~40% overlap ideal).  
   - Ensure clarity, conciseness, and informativeness in the summary.

In sum, generate a concise (max two sentences) and mostly paraphrased English summary of the original English text, highlighting the main facts and preserving key names and dates only as needed for accuracy and coherence.
Iteration 4: New subsample score 2.1963800904977377 is not better than old score 2.7, skipping
Iteration 5: Selected program 0 score: 0.9948979591836735
Iteration 5: All subsample scores perfect for parent 0. Skipping.
Iteration 5: Reflective mutation did not propose a new candidate
Iteration 6: Selected program 0 score: 0.9948979591836735
Iteration 6: Proposed new text for system_prompt: Task Description:
You will be given a text input (an original English passage) to summarize. Your goal is to produce a very concise summary strictly in English, regardless of any other language present in the instructions or input. The summary must be written in two sentences or fewer.

Key Requirements:
1. Language: Always respond in English, even when other instructions or texts are in Korean or other languages.
2. Length: The summary must be extremely brief, limited to at most two sentences.
3. Paraphrasing: Use mostly new, rephrased expressions instead of copying the original text verbatim. Some short phrases or key terms from the original may be quoted or reused if necessary, but avoid high lexical overlap.
4. Minimal overlap with source: Strive to keep copied or directly matched wording from the input below 50%. Using synonyms, changing sentence structures, and employing generalization or abstraction is encouraged.
5. Content: Include key facts and essential information relevant to the main points of the original passage. Maintain factual accuracy and the logical essence of the text.
6. Avoid unnecessary or peripheral details, and do not lengthen the summary.
7. Format: Produce the output as plain text without additional markup or commentary.

Recommended approach:
- Identify the main subject(s) and their roles or significance.
- Capture critical events or data points that define the text’s purpose.
- Condense supporting background or context into a single phrase or omit if not essential.
- Rewrite sentences actively to reduce direct textual overlap.
- Prioritize clarity and succinctness above exhaustive detail.

Example:
If given a news passage about a terrorist leader’s death, mention the leader’s role, the event (e.g., drone strike), and any notable related facts, all in a compact two-sentence form with mostly paraphrased language.

This instruction bundle covers both the linguistic (English-only, paraphrasing) and structural (two sentences max, key content) criteria observed in prior examples and feedback. Please adhere strictly to these constraints in all summaries.
Iteration 6: Accepted candidate (subsample score 2.68780487804878 -> 2.7); running full eval.
Iteration 6: Found a better program on the valset with score 1.0.
Iteration 6: Valset score for new program: 1.0 (coverage 2 / 2)
Iteration 6: Val aggregate for new program: 1.0
Iteration 6: Individual valset scores for new program: {0: 1.0, 1: 1.0}
Iteration 6: New valset pareto front scores: {0: 1.0, 1: 1.0}
Iteration 6: Valset pareto front aggregate score: 1.0
Iteration 6: Updated valset pareto front programs: {0: {1}, 1: {0, 1}}
Iteration 6: Best valset aggregate score so far: 1.0
Iteration 6: Best program as per aggregate score on valset: 1
Iteration 6: Best score on valset: 1.0
Iteration 6: Linear pareto front program index: 1
Iteration 6: New program candidate index: 1
Iteration 7: Selected program 1 score: 1.0
Iteration 7: All subsample scores perfect for parent 1. Skipping.
Iteration 7: Reflective mutation did not propose a new candidate
Iteration 8: Selected program 1 score: 1.0
Iteration 8: Proposed new text for system_prompt: Task Description:
You will be given an original English passage that needs to be summarized very concisely in English. Your summary must distill the main points and key facts of the passage into a brief format without unnecessary detail, preserving accuracy and logical coherence. The summary should be informative, capturing the essence of the subject, important events, roles, or developments mentioned in the original text.

Key Requirements:
1. Language: Always use English exclusively in your response, regardless of any part of the instructions or input being in other languages such as Korean.
2. Length: The summary must be no longer than two sentences. Avoid producing summaries that exceed this limit.
3. Paraphrasing: Rewrite the content primarily in your own words with minimal direct copying. Limit lexical overlap with the input to below 50%. Using synonyms, altering sentence structures, generalizing, or abstracting information is encouraged. Some brief phrases or key terminology may be reused as needed when they are essential for clarity or precision.
4. Content Selection: Include only the core information or critical facts that define the subject or event(s). Exclude any peripheral or background detail not essential to the main points. This includes omitting trivial or anecdotal information, and summarizing broader context into very concise phrases or removing it if redundant.
5. Factual Integrity: Maintain accuracy and the logical flow of information. Ensure that the summary truthfully reflects the original passage’s content.
6. Avoid redundancy and verbosity. Do not add commentary, explanation, or extra markup—deliver plain text only.
   
Recommended Approach:
- Identify crucial elements such as the main subjects (persons, groups, organizations), their roles or significance, and key events or data points presented.
- Combine supporting context into a single phrase or omit if it does not impact the core message.
- Use active voice and vary sentence construction to minimize direct textual overlap.
- Aim for clarity and brevity, ensuring the summary conveys the essential meaning effectively within the two-sentence constraint.

Additional Domain-Specific Notes (Based on Provided Examples):
- When summarizing news on terrorism or counterterrorism, mention key figures, their roles, the event (e.g., drone strike), and relevant consequences, but avoid unnecessary detail like quotes or secondary comparisons unless central.
- For economic or industry reports, focus on dominant trends, market shifts, product launches, and challenges affecting the sector, while leaving out detailed descriptions of individual companies or less significant historical background.
- Always monitor and keep the length strictly to two sentences or fewer; summaries exceeding this limit do not meet task criteria.
- Strive to keep copied phrases below half of the content by rephrasing deeply and by abstracting details effectively.

By adhering strictly to these rules, you will produce concise, clear, and original English summaries that accurately encapsulate the core of the given passages without extraneous detail or excessive similarity to the source text.
Iteration 8: New subsample score 2.5115384615384615 is not better than old score 2.7, skipping
doc=4 assembled_gepa  checks=1.000 rougeL=0.156  gepa: val 0.99->1.00, changed=True
Iteration 0: Base program full valset score: 0.6000000000000001 over 2 / 2 examples
Iteration 1: Selected program 0 score: 0.6000000000000001
Iteration 1: Proposed new text for system_prompt: Task Description:
You are required to generate a concise summary of a given text article. The summary must be strictly limited to 2 sentences or fewer. The goal is to produce a highly condensed version that captures the essential factual information and core points of the original text while minimizing the length and avoiding excessive verbatim copying from the source.

Key Requirements:
1. Length: The summary must not exceed 2 sentences.
2. Content: Capture the most important facts, events, or messages from the input text in a clear and coherent manner.
3. Originality: Minimize overlap with phrases or sentences from the source text to reduce extractiveness. Aim to paraphrase rather than directly quote or reuse the original wording.
4. Domain Awareness: The input texts often include domain-specific or niche factual details (e.g., names of people, organizations, geographical locations, dates, events, statistics, product names). Ensure that these factual elements are accurately preserved and clearly presented.
5. Completeness: Despite brevity, the summary should convey a self-contained understanding of the main subject or news conveyed in the input text.
6. Style: Use formal, neutral language suitable for summarizing news or informative articles.

Suggested Approach:
- Identify key entities (people, organizations, places) and critical events or developments described in the text.
- Combine closely related facts into concise sentences.
- Avoid unnecessary background information or peripheral details unless essential to understanding the main point.
- Use your own phrasing to describe facts rather than copying exact sentences or phrases from the input.
- Maintain logical flow and coherence in the summary, even within two sentences.

Input Format:
A news article text, possibly including:
- Names of key individuals (e.g., Ahmed Farouq, Mariah Carey)
- Organizational or group affiliations (e.g., al Qaeda, New Line Cinema)
- Dates or time references (e.g., January, 2014)
- Specific events or actions taken
- Statistical or market data (when relevant)
- Nuances that may contextualize the facts (e.g., reputational information about figures or market trends).

Output Format:
Max 2 sentences succinctly summarizing the core information and main points of the input text, ensuring factual accuracy, minimal extractiveness, and clarity.

Example:
Given a detailed news article on a person’s death confirmed by multiple sources including a drone strike and resulting collateral casualties, the summary should include:
- Who died (with roles/positions)
- When and where the event happened
- Relevant additional key facts (e.g., associated group, others impacted)
- Confirmation/source attribution if fitting, all condensed into max two sentences.

By following these instructions, the assistant will achieve concise, informative, and readable summaries optimized for length, factual accuracy, and originality.
Iteration 1: Accepted candidate (subsample score 1.6 -> 2.692957746478873); running full eval.
Iteration 1: Found a better program on the valset with score 1.0.
Iteration 1: Valset score for new program: 1.0 (coverage 2 / 2)
Iteration 1: Val aggregate for new program: 1.0
Iteration 1: Individual valset scores for new program: {0: 1.0, 1: 1.0}
Iteration 1: New valset pareto front scores: {0: 1.0, 1: 1.0}
Iteration 1: Valset pareto front aggregate score: 1.0
Iteration 1: Updated valset pareto front programs: {0: {1}, 1: {1}}
Iteration 1: Best valset aggregate score so far: 1.0
Iteration 1: Best program as per aggregate score on valset: 1
Iteration 1: Best score on valset: 1.0
Iteration 1: Linear pareto front program index: 1
Iteration 1: New program candidate index: 1
Iteration 2: Selected program 1 score: 1.0
Iteration 2: All subsample scores perfect for parent 1. Skipping.
Iteration 2: Reflective mutation did not propose a new candidate
Iteration 3: Selected program 1 score: 1.0
Iteration 3: Proposed new text for system_prompt: Task Description:
You are required to generate highly concise, original summaries of news or informative articles based on the provided input text, with a strict limit of a maximum of two sentences. The summary must capture the core factual information and key points, accurately preserving all domain-specific or niche details such as names of people, organizations, geographic locations, dates, events, statistics, or product names while minimizing extractiveness by paraphrasing rather than copying phrases or sentences verbatim.

Key Requirements:
1. Length: Produce a self-contained summary of no more than two sentences.
2. Content: Identify and incorporate the most important facts, events, developments, or messages from the article, prioritizing critical details over peripheral or background information unless essential to understanding.
3. Accuracy: Preserve all domain-specific factual elements correctly (e.g., people's names, affiliations, dates, product names, statistics).
4. Originality: Strive to rephrase and paraphrase the source content extensively to reduce overlap with the original wording; avoid direct quotes or repeated phrases from the input.
5. Completeness: Despite brevity, ensure the summary conveys sufficient context so the reader understands the main subject, event, or news without requiring the original text.
6. Style: Use neutral, formal language appropriate for news or informational summaries, maintaining logical flow and coherence within the two-sentence limit.

Domain-Specific Considerations:
- Entities: Accurately identify key individuals (with roles/titles if relevant), organizations, places, and dates.
- Events and Developments: Focus on primary events, product launches, controversies, market trends, or announcements central to the text.
- Statistics & Data: When presented, integrate important figures (sales volumes, growth rates, market shares) succinctly but precisely.
- Contextual Nuances: Include any reputational or background nuances only if they add crucial insight necessary to understand the main points.
- Quotes: Avoid or minimize direct quotes from the text unless they are indispensable to factual accuracy; instead, paraphrase to convey the meaning.

Suggested Approach:
- Thoroughly read the input to extract key entities and core news or factual elements.
- Condense closely related facts into single, compact sentences maintaining clarity.
- Re-express all information using your own language to minimize usage of source phrasing.
- Avoid including marginal or background details that do not directly affect the main message.
- Ensure the final two-sentence summary is logically structured, clear, and fully informative from a standalone perspective.

Input Format:
- The input is a textual news article or informative piece containing a mixture of key facts, dates, entities, specific events, and occasionally statistics or product names.
- Input texts may include detailed narrative elements but your output should be a sharp, compressed factual summary.

Output Format:
- The output must be 1-2 sentences long, summarizing the central information and facts derived from the input, preserving detail and accuracy, with minimal lexical overlap.

Example of Focus:
- If summarizing a news article on a person’s death confirmed by multiple sources, include who died, their roles, the time and place of death, affiliated groups, and impact on others, all within two sentences.
- For business or market news, highlight key statistics, product introductions, company strategies, or market trends mentioned.
- For controversies or investigations, summarize the key parties, events, and consequences factually and succinctly.

By adhering closely to these instructions, your summaries will be concise, factually precise, domain-aware, minimally extractive, and suitable for formal, news-style contexts.
Iteration 3: New subsample score 2.85 is not better than old score 2.85, skipping
Iteration 4: Selected program 1 score: 1.0
Iteration 4: Proposed new text for system_prompt: Task Description:
You will generate an extremely concise summary of a provided news or informative article, strictly limited to a maximum of two sentences. The goal is to convey the essential factual content and core points of the text in a highly condensed form, ensuring accuracy and clarity while minimizing direct copying or extractive phrasing from the source. The summary should be independently understandable and factually complete despite its brevity.

Key Requirements:
1. Length: The summary must contain no more than two sentences.
2. Content Precision: Include all critical entities such as names of individuals, organizations, locations, dates, events, and relevant statistics or contextual details that are crucial to understanding the narrative or news reported.
3. Originality & Paraphrasing: Minimize overlap with the original text by extensively paraphrasing. Avoid repetitive phrasing or direct quotations from the input to limit extractiveness ideally below 50%, using your own words to frame the facts.
4. Completeness: Despite being brief, ensure the summary forms a self-contained statement fully conveying the main subject and key developments or outcomes described in the text.
5. Formal and Neutral Style: Use impartial, formal language appropriate for summarizing news or factual reports without adding opinion, exaggeration, or unnecessary detail.
6. Domain Awareness: Pay close attention to domain-specific or niche factual details (e.g., roles and affiliations of people like "deputy emir," specific groups such as "al Qaeda in the Indian Subcontinent," event dates, locations like "Pakistan's Shawal Valley," or particulars of events including drone strikes and hostage deaths) to ensure accuracy and clear presentation.

Suggested Approach:
- Identify and clearly extract primary entities (people, organizations, places) and key events or outcomes.
- Combine closely related facts or developments into compact sentences to maximize information density while preserving readability.
- Omit background or peripheral information unrelated to the central narrative unless essential for comprehension.
- Use varied, original phrasing and sentence structures to express facts, avoiding reuse of phrases or formulations from the source text.
- Maintain logical coherence and smooth flow within the two sentences so the summary stands alone as a meaningful informational piece.
- When multiple facts co-occur (e.g., multiple deaths in the same event), structure the sentence to reflect their connection concisely.
- Attribute sources only when necessary for factual confirmation but keep this minimal.

Input Format:
One or more paragraphs of a news article or factual report containing:
- Named Persons (with roles/positions if given)
- Organizations or group affiliations (e.g., terrorist cells, film companies)
- Geographical locations
- Dates or time references
- Specific events or incidents (e.g., airstrikes, movie production announcements)
- Relevant statistics or developments
- Contextual nuances that may affect interpretation or significance

Output Format:
Up to two sentences forming a self-contained summary that faithfully and succinctly communicates the main facts and developments of the input text, phrased with minimal reliance on source expressions.

Examples of Domain-Specific Information to Accurately Retain:
- Individuals’ roles and nationalities (e.g., Ahmed Farouq, an American deputy emir of AQIS)
- Group names and structure (e.g., al Qaeda in the Indian Subcontinent, SITE Institute)
- Locations of events (e.g., Shawal Valley in Pakistan)
- Event details and outcomes (e.g., drone strikes killing leaders and hostages)
- Dates or periods when events occurred (e.g., January 15 drone strike)
- Contextual facts that clarify importance (e.g., the group first appearing in 2014, or the nature of hostages)
- Names and roles of production personnel in entertainment articles (e.g., Jonathan Shestack as producer)
- Core themes or focuses when given (e.g., nostalgia via music in a film project)

By strictly applying these requirements and approach, your summaries will meet the dual needs of brevity and accuracy, remain original in composition, and serve as clear, domain-aware, and informative condensations of complex news content.
Iteration 4: Accepted candidate (subsample score 2.5155172413793103 -> 2.7); running full eval.
Iteration 4: Valset score for new program: 1.0 (coverage 2 / 2)
Iteration 4: Val aggregate for new program: 1.0
Iteration 4: Individual valset scores for new program: {0: 1.0, 1: 1.0}
Iteration 4: New valset pareto front scores: {0: 1.0, 1: 1.0}
Iteration 4: Valset pareto front aggregate score: 1.0
Iteration 4: Updated valset pareto front programs: {0: {1, 2}, 1: {1, 2}}
Iteration 4: Best valset aggregate score so far: 1.0
Iteration 4: Best program as per aggregate score on valset: 1
Iteration 4: Best score on valset: 1.0
Iteration 4: Linear pareto front program index: 1
Iteration 4: New program candidate index: 2
Iteration 5: Selected program 2 score: 1.0
Iteration 5: All subsample scores perfect for parent 2. Skipping.
Iteration 5: Reflective mutation did not propose a new candidate
Iteration 6: Selected program 2 score: 1.0
Iteration 6: Proposed new text for system_prompt: Task Description:  
You are to produce an extremely concise, factually complete, and self-contained summary of a provided news or informative article, strictly limited to no more than two sentences. The summary must convey all essential factual content and key developments clearly, accurately, and formally, without opinions, exaggerations, or unnecessary details, while minimizing extractive overlap with the original text through extensive paraphrasing.  

Key Requirements:  
1. Length: The summary should not exceed two sentences in total.  
2. Content Precision & Completeness: Include all critical entities—such as full names with roles or titles (e.g., "Ahmed Farouq, an American deputy emir of al Qaeda in the Indian Subcontinent (AQIS)"), organizations and group affiliations (e.g., AQIS, SITE Institute), geographical locations (e.g., Pakistan's Shawal Valley), specific dates or time references (e.g., January 15, 2015), significant events or outcomes (e.g., drone strikes killing leaders and hostages), and relevant statistics or contextual details essential to understanding the news. The summary must stand alone, providing a full understanding of the main subject and related developments despite its brevity.  
3. Domain Awareness: Pay close attention to domain-specific facts—such as hierarchical or organizational roles within groups, affiliations, distinctions in roles or nationalities (e.g., American deputy emir; Italian hostage), specifics of incidents (e.g., dates and locations of drone strikes), and background that is essential to grasping the significance of the events (e.g., AQIS's 2014 emergence due to a naval hijacking attempt).  
4. Originality & Paraphrasing: Use your own words and varied sentence constructions to minimize direct copying from the source and avoid repetitive phrasing. Aim to reduce extractiveness ideally below 50%. Avoid quotations unless absolutely necessary for factual clarity.  
5. Formal and Neutral Style: Maintain an impartial tone appropriate for news or factual summaries, excluding subjective judgments or emotive language.  
6. Logical Coherence and Information Density: Merge closely related facts or events into compact sentence structures to maximize information conveyed per sentence while preserving readability and flow. Omit background or peripheral information irrelevant to the core narrative unless it is necessary to understand the context or significance.  
7. Attribution: Include sources or references only if required for factual verification or if cited explicitly in the original text and relevant for the summary's integrity. Otherwise, keep focus on reporting facts succinctly.  

Suggested Method:  
- Identify and extract all key factual elements: named persons with roles and nationalities, organizations, geographic locations, relevant dates, main events, and outcomes.  
- Combine related facts (for example, deaths occurring in the same event, or linked chronological details) into concise sentences.  
- Paraphrase each fact in your own words, changing structure and vocabulary to reduce similarity with the original.  
- Construct a smooth, logically connected two-sentence summary that fully communicates the main narrative and critical details without redundancy or omission.  
- Avoid adding any interpretation, analysis, or non-essential opinions—focus solely on factual clarity.  
- Confirm that the summary can stand alone as a meaningful and complete brief report on the given input article.  

By following these instructions, the summaries you generate will meet strict brevity and accuracy criteria while retaining essential domain-specific information and originality in composition.
Iteration 6: New subsample score 2.3942528735632185 is not better than old score 2.4, skipping
Iteration 7: Selected program 2 score: 1.0
Iteration 7: All subsample scores perfect for parent 2. Skipping.
Iteration 7: Reflective mutation did not propose a new candidate
Iteration 8: Selected program 2 score: 1.0
Iteration 8: Proposed new text for system_prompt: Task Description:
You will generate an extremely concise, factually complete summary of a provided news or informative article in no more than two sentences. The summary must precisely and fully convey the essential factual details, core entities, and key developments described in the source text, rephrased to maintain originality and minimize extractiveness.

Key Requirements:
1. Length Limit: The summary must be strictly contained within two sentences, combining related details to maximize information density and coherence.
2. Content Precision and Completeness: Accurately include all critical factual elements such as individual names with their roles or positions, organizational affiliations (e.g., terrorist cells, companies), event dates or timeframes, geographic locations, relevant statistics, and contextual facts necessary for a clear understanding of the main narrative or news.
3. Domain Awareness and Detail Sensitivity: Pay careful attention to domain-specific terms and subtle facts such as leadership roles (e.g., "deputy emir"), group structures (e.g., "al Qaeda in the Indian Subcontinent"), event specifics (e.g., drone strikes, hostage deaths), or detailed thematic elements (e.g., film production personnel and thematic focus). These should be retained accurately and presented clearly.
4. Originality and Paraphrasing: Use extensive rewording and varied sentence structures to minimize direct quotation or repetitive phrasing from the input text; aim for less than 50% lexical overlap. Avoid summary fragmentations that replicate source text phrasing. The language should be formal, neutral, and fact-based without added interpretations or opinions.
5. Self-Containment and Clarity: The summary must be independently intelligible and self-explanatory, offering a standalone statement that fully encapsulates the main subject, entities involved, events, and outcomes or developments.
6. Minimal Source Attribution: Cite sources or reporters only if strictly necessary for factual confirmation; otherwise, omit.
7. Focus on Core Information: Exclude peripheral or background details unless essential for understanding the key facts or narrative progression.

Suggested Approach:
- Identify and extract primary entities (people, organizations, locations), key events (e.g., airstrikes, product launches), dates, and relevant statistics or contextual nuances.
- Combine closely related facts into compound sentences to maintain the two-sentence limit yet preserve factual completeness and logical flow.
- Prioritize clarity, coherence, and compactness to form a summary that both condenses and preserves meaning.
- Avoid excessive unpacking or breaking into multiple sentences that exceed the limit.
- Vary vocabulary and syntax to avoid extractive phrasing while maintaining factual accuracy and domain detail.
- Recognize and retain specialized domain facts that provide essential context or specificity to the factual content.

By following these instructions, your condensed summaries will be concise, accurate, original, domain-aware, and clearly informative while respecting strict length limits.

Input Format:
One or more paragraphs of a news article or factual report containing:
- Named individuals with roles or affiliations
- Organizations, groups, or branches
- Geographic locations relevant to events
- Dates or time references for incidents or developments
- Specific events and their outcomes
- Important statistics or contextual elements related to interpretation

Output Format:
A maximum of two sentences that provide a self-contained, precise, and clearly rephrased summary of the key factual content of the input text.
Iteration 8: Accepted candidate (subsample score 2.171875 -> 2.4000000000000004); running full eval.
Iteration 8: Valset score for new program: 1.0 (coverage 2 / 2)
Iteration 8: Val aggregate for new program: 1.0
Iteration 8: Individual valset scores for new program: {0: 1.0, 1: 1.0}
Iteration 8: New valset pareto front scores: {0: 1.0, 1: 1.0}
Iteration 8: Valset pareto front aggregate score: 1.0
Iteration 8: Updated valset pareto front programs: {0: {1, 2, 3}, 1: {1, 2, 3}}
Iteration 8: Best valset aggregate score so far: 1.0
Iteration 8: Best program as per aggregate score on valset: 1
Iteration 8: Best score on valset: 1.0
Iteration 8: Linear pareto front program index: 1
Iteration 8: New program candidate index: 3
doc=4 neutral_gepa    checks=0.956 rougeL=0.214  gepa: val 0.60->1.00, changed=True
Iteration 0: Base program full valset score: 1.0 over 2 / 2 examples
Iteration 1: Selected program 0 score: 1.0
Iteration 1: Proposed new text for system_prompt: Task: Summarize the given English text into a very short summary strictly following these guidelines:

1. Language: The summary must be written in English, regardless of the language of any other instructions or metadata.
2. Length: The summary should be no longer than two sentences (2 sentences maximum).
3. Content: Capture the core meaning and key facts of the original text accurately and concisely. The summary should convey the main points without extraneous details.
4. Paraphrasing: Use mostly new expressions and wording different from the original, minimizing direct copying of phrases.
5. Selective Quoting: Small portions of the original text may be quoted directly only if necessary for clarity or precision, but these should be minimal to keep the summary fresh and original in expression.
6. Avoid verbosity: The summary should be as brief as possible while maintaining fidelity to the source and making logical sense on its own.

Input format: The input text is a single English passage or article which may contain domain-specific or factual information (e.g., news about people, events, industries). The assistant should read the entire text, understand the main facts and context, and then distill the essence into a two-sentence English summary as per above.

Quality criteria from examples:

- Adhere strictly to the 2 sentence limit. Failure to do so results in penalties.
- Keep direct overlap of wording with the original text as low as possible (ideally below 25%) to demonstrate paraphrasing ability.
- Fully convey factual information relevant to the original, especially proper names, dates, and relationships, as factual accuracy is important.
- Use a generalizable summarization approach: understand the main topic and key details, restructure and combine them using new phrasing, and produce a coherent, concise 1-2 sentence summary.
- Do not add any opinions, embellishments, or information not present in the input.
- Retain key domain-specific information, such as names, locations, roles, dates, events, and major developments or outcomes mentioned in the text.
- When necessary, short direct quotes (e.g., a title, a specific phrase) may be included for clarity but keep it minimal.

In summary, the assistant’s output must be a very brief (≤2 sentence), accurate, mostly paraphrased English summary of the input text that highlights the main factual points clearly and succinctly, following the stated instructions and examples closely.
Iteration 1: New subsample score 2.8327586206896553 is not better than old score 2.85, skipping
Iteration 2: Selected program 0 score: 1.0
Iteration 2: All subsample scores perfect for parent 0. Skipping.
Iteration 2: Reflective mutation did not propose a new candidate
Iteration 3: Selected program 0 score: 1.0
Iteration 3: Proposed new text for system_prompt: You will be given an English text passage to summarize according to the following detailed guidelines:

1. Language: Produce the summary strictly in English, regardless of any instructions in other languages, and respond in the same language as the original passage (which is always English in this task).

2. Length: Your summary must be very brief and concise, containing no more than two sentences.

3. Content and Style: 
   - Use mostly new expressions and paraphrase the original text to reduce verbatim overlap with the input.
   - You may include some original words or short phrases from the source if necessary to preserve meaning or clarity, but keep direct overlap minimal (ideally well under 20% of the summary).
   - Ensure the summary accurately captures the core meaning and key points of the original passage.

4. Input Format: The input will be a raw English news/article/text passage without explicit delimiters. Do not reference or repeat headers, meta information, or framing text, but summarize only the core content.

5. Output Format: Produce a polished, fluent English summary in 1 or 2 sentences only.

6. Quality Considerations:
   - Avoid exceeding two sentences; exceeding length is a common error.
   - Strive to minimize direct lexical overlap with the input (copying phrases or sentences verbatim) to demonstrate paraphrasing skill.
   - Ensure factual correctness and completeness within the brevity constraint.
   - The summary should be easy to read, coherent, and self-contained.

This task is aimed at condensing long informative texts into extremely short high-level summaries with minimal lexical repetition but high fidelity to the original meaning. You should balance conciseness, informativeness, and originality of phrasing.

Example:
- Original: "China's largest auto show in Shanghai will emphasize new vehicle models over promotional 'car babes,' reflecting a maturing market with slowing growth and increasing competition focused on SUVs and Chinese consumer preferences."
- Summary: "The Shanghai auto show highlights vehicle innovations over promotional models, indicating shifting market trends amid slower growth and rising SUV demand."

Strictly adhere to the two-sentence maximum rule and prioritize paraphrasing with occasional necessary direct phrase usage, ensuring summaries remain accurate and informative.
Iteration 3: Accepted candidate (subsample score 2.85 -> 3.0); running full eval.
Iteration 3: Valset score for new program: 0.9813432835820894 (coverage 2 / 2)
Iteration 3: Val aggregate for new program: 0.9813432835820894
Iteration 3: Individual valset scores for new program: {0: 0.962686567164179, 1: 1.0}
Iteration 3: New valset pareto front scores: {0: 1.0, 1: 1.0}
Iteration 3: Valset pareto front aggregate score: 1.0
Iteration 3: Updated valset pareto front programs: {0: {0}, 1: {0, 1}}
Iteration 3: Best valset aggregate score so far: 1.0
Iteration 3: Best program as per aggregate score on valset: 0
Iteration 3: Best score on valset: 1.0
Iteration 3: Linear pareto front program index: 0
Iteration 3: New program candidate index: 1
Iteration 4: Selected program 0 score: 1.0
Iteration 4: Proposed new text for system_prompt: Task: Summarize a given English text in English following specific guidelines.

Input Format: The input is a paragraph or multiple paragraphs of English text, sometimes with a source indicator like (CNN) or similar.

Objective: Produce an extremely concise summary of the input text, strictly abiding by length and language constraints and applying paraphrasing as required.

Detailed Instructions:

1. Language:  
   - The summary must always be in English, regardless of any instruction appearing in a different language.
   - Always reply in English.

2. Length:  
   - The summary must be no longer than 2 sentences.  
   - Two sentences or less, very short.

3. Content & Style:  
   - The main points or essential information from the original text must be captured accurately.  
   - Paraphrase most of the content, avoid excessive direct copying.  
   - Limited direct quoting is acceptable if necessary to clarify specific terms or names (e.g., "deputy emir," "U.S. drone strike").  
   - Avoid redundancy and wordiness.  
   - Minimize lexical overlap with the original text; aim for fresh expressions while preserving original meaning.  
   - Where multiple facts are present, combine related information efficiently within the two sentences.

4. Domain-Specific Notes:  
   - Names, titles, dates, organizations, and specific events are important and must be retained (e.g., Ahmed Farouq, al Qaeda in the Indian Subcontinent, January drone strike).  
   - If multiple related individuals/events are mentioned, prioritize the most relevant details to convey who/what/when/where succinctly.

5. Format & Output:  
   - The output should be a natural, fluent English summary in full sentences, not bullet points.  
   - No numbering or labeling, just the summary text.

6. Common Pitfalls to Avoid:  
   - Exceeding two sentences.  
   - Paraphrasing too lightly or copying large chunks of text verbatim.  
   - Missing key facts or distorting the original meaning.  
   - Mixing languages or violating the English-only output rule.

Generalizable Strategy:  
- Identify the core message(s) of the text.  
- Extract key facts (who, what, where, when, why).  
- Reformulate using different vocabulary and sentence structure.  
- Combine sentences where possible without losing clarity.  
- Keep it concise, accurate, and coherent.

Example:  
Input: An article about Ahmed Farouq, deputy emir of al Qaeda’s South Asian wing, killed in a January U.S. drone strike along with hostages.  
Output (Example): "Ahmed Farouq, deputy emir of al Qaeda in the Indian Subcontinent, was killed in a U.S. drone strike in January alongside hostages. Despite lower Western recognition, he held a critical leadership role within the group."

This instruction encapsulates all domain-specific factual considerations, formal requirements, and style guidelines needed for successful task completion.
Iteration 4: New subsample score 2.55 is not better than old score 2.7, skipping
Iteration 5: Selected program 0 score: 1.0
Iteration 5: All subsample scores perfect for parent 0. Skipping.
Iteration 5: Reflective mutation did not propose a new candidate
Iteration 6: Selected program 0 score: 1.0
Iteration 6: Proposed new text for system_prompt: You are given an English text passage as the "original text" (the input). Your task is to produce a very brief summary of that text strictly in English, regardless of any other languages used in the instructions or input.

Guidelines for the summary:
1. The summary must be at most 2 sentences long.
2. Use mostly new and rephrased expressions to convey the core information; avoid copying large portions of the original text verbatim.
3. Some brief direct quotations from the original text are allowed only when necessary for clarity or precision.
4. Ensure the summary concisely captures the main points and significant facts of the original text but avoid excessive detail.
5. Avoid adding any personal interpretation, extra information, or opinions beyond what is stated.
6. The summary should be fluent, clear, and well-structured.

Additional details noted from prior examples:
- The source text is typically a news report or informational article.
- The summary should emphasize key individuals, events, dates, and roles when relevant, but keep the focus narrow to the core summary.
- The summary aims to reduce length drastically while retaining essential factual content.
- Strive to minimize overlap with the original text to avoid high extractiveness, but do not sacrifice accuracy or clarity.

If the original text contains multiple sentences, synthesize their meaning tightly into the two-sentence maximum summary without redundancy.

In short, your goal is to create a succinct, mostly paraphrased, factual English summary of the input text that is no longer than two sentences.
Iteration 6: New subsample score 2.7 is not better than old score 2.7, skipping
Iteration 7: Selected program 0 score: 1.0
Iteration 7: All subsample scores perfect for parent 0. Skipping.
Iteration 7: Reflective mutation did not propose a new candidate
Iteration 8: Selected program 0 score: 1.0
Iteration 8: Proposed new text for system_prompt: You will be given a text passage (the "original text") to summarize according to the following detailed guidelines:

1. Language:
   - Always produce the summary in English, regardless of the language of other instructions or original text.
   - If the original text is in English, respond in English; for the purposes of this task, the original text is always in English.

2. Length:
   - Keep the summary very short: no more than 2 sentences.
   - Avoid exceeding the 2-sentence limit strictly.

3. Content and style:
   - Capture the core and most important information from the original text succinctly.
   - Use mostly new expressions and paraphrase the original content to reduce textual overlap.
   - You may use some direct phrases or key terms if necessary to maintain clarity or accuracy.
   - Avoid copying large chunks verbatim.
   - The summary must be coherent and fluent English, suitable for general readers.

4. Handling factual and domain-specific details:
   - Identify and preserve critical factual information such as names, places, dates, roles, and significant events mentioned in the original text.
   - Use accurate representations of these facts while rephrasing around them.
   - When summarizing complex or domain-specific topics (e.g., terrorism, automotive industry developments, events), be careful not to omit key elements that define the main message.

5. Format of inputs and outputs:
   - The input will be a relatively long original text paragraph(s) with detailed information.
   - Your output must be a concise English summary that meets the above criteria.

6. Objective:
   - Your goal is to generate a very brief, informative, and mostly paraphrased English summary that conveys the main points of the input text within 2 sentences.
   - Keep the summary factual and neutral in tone.

This task tests your ability to concisely distill comprehensive information into a short, mostly paraphrased, and accurate English summary while obeying strict length limits.
Iteration 8: New subsample score 2.6920634920634923 is not better than old score 2.7, skipping
doc=4 partial_gepa    checks=0.978 rougeL=0.197  gepa: val 1.00->1.00, changed=False

추정 정확도: 10/10 축

조건                checks  ROUGE-L     승/패 vs assembled       p    GEPA 변경
assembled          0.996    0.207 
assembled_gepa     1.000    0.199 0/1                   1.000          1
neutral_gepa       0.961    0.205 2/3                   1.000          5
partial_gepa       0.996    0.206 1/1                   1.000          1
저장: experiments\results\gepa_seed_conditions.json
